[
  {
    "query": {
      "query": "\nquery {\n  countries {\n    code\n    name\n    capital\n    continent {\n      code\n      name\n    }\n  }\n}\n",
      "vulnerability_type": "basic_call"
    },
    "response_status": 200,
    "request_time_seconds": 0.827,
    "timestamp": "2025-10-02T16:10:08.736205Z",
    "count": 1,
    "vulnerability_type": "basic_call",
    "response_body": {
      "data": {
        "countries": [
          {
            "code": "AD",
            "capital": "Andorra la Vella",
            "continent": {
              "code": "EU",
              "name": "Europe"
            },
            "name": "Andorra"
          },
          {
            "code": "AE",
            "capital": "Abu Dhabi",
            "continent": {
              "code": "AS",
              "name": "Asia"
            },
            "name": "United Arab Emirates"
          },
          {
            "code": "AF",
            "capital": "Kabul",
            "continent": {
              "code": "AS",
              "name": "Asia"
            },
            "name": "Afghanistan"
          },
          {
            "code": "AG",
            "capital": "Saint John's",
            "continent": {
              "code": "NA",
              "name": "North America"
            },
            "name": "Antigua and Barbuda"
          },
          {
            "code": "AI",
            "capital": "The Valley",
            "continent": {
              "code": "NA",
              "name": "North America"
            },
            "name": "Anguilla"
          },
          {
            "code": "AL",
            "capital": "Tirana",
            "continent": {
              "code": "EU",
              "name": "Europe"
            },
            "name": "Albania"
          },
          {
            "code": "AM",
            "capital": "Yerevan",
            "continent": {
              "code": "AS",
              "name": "Asia"
            },
            "name": "Armenia"
          },
          {
            "code": "AO",
            "capital": "Luanda",
            "continent": {
              "code": "AF",
              "name": "Africa"
            },
            "name": "Angola"
          },
          {
            "code": "AQ",
            "capital": null,
            "continent": {
              "code": "AN",
              "name": "Antarctica"
            },
            "name": "Antarctica"
          },
          {
            "code": "AR",
            "capital": "Buenos Aires",
            "continent": {
              "code": "SA",
              "name": "South America"
            },
            "name": "Argentina"
          },
          {
            "code": "AS",
            "capital": "Pago Pago",
            "continent": {
              "code": "OC",
              "name": "Oceania"
            },
            "name": "American Samoa"
          },
          {
            "code": "AT",
            "capital": "Vienna",
            "continent": {
              "code": "EU",
              "name": "Europe"
            },
            "name": "Austria"
          },
          {
            "code": "AU",
            "capital": "Canberra",
            "continent": {
              "code": "OC",
              "name": "Oceania"
            },
            "name": "Australia"
          },
          {
            "code": "AW",
            "capital": "Oranjestad",
            "continent": {
              "code": "NA",
              "name": "North America"
            },
            "name": "Aruba"
          },
          {
            "code": "AX",
            "capital": "Mariehamn",
            "continent": {
              "code": "EU",
              "name": "Europe"
            },
            "name": "\u00c5land"
          },
          {
            "code": "AZ",
            "capital": "Baku",
            "continent": {
              "code": "AS",
              "name": "Asia"
            },
            "name": "Azerbaijan"
          },
          {
            "code": "BA",
            "capital": "Sarajevo",
            "continent": {
              "code": "EU",
              "name": "Europe"
            },
            "name": "Bosnia and Herzegovina"
          },
          {
            "code": "BB",
            "capital": "Bridgetown",
            "continent": {
              "code": "NA",
              "name": "North America"
            },
            "name": "Barbados"
          },
          {
            "code": "BD",
            "capital": "Dhaka",
            "continent": {
              "code": "AS",
              "name": "Asia"
            },
            "name": "Bangladesh"
          },
          {
            "code": "BE",
            "capital": "Brussels",
            "continent": {
              "code": "EU",
              "name": "Europe"
            },
            "name": "Belgium"
          },
          {
            "code": "BF",
            "capital": "Ouagadougou",
            "continent": {
              "code": "AF",
              "name": "Africa"
            },
            "name": "Burkina Faso"
          },
          {
            "code": "BG",
            "capital": "Sofia",
            "continent": {
              "code": "EU",
              "name": "Europe"
            },
            "name": "Bulgaria"
          },
          {
            "code": "BH",
            "capital": "Manama",
            "continent": {
              "code": "AS",
              "name": "Asia"
            },
            "name": "Bahrain"
          },
          {
            "code": "BI",
            "capital": "Bujumbura",
            "continent": {
              "code": "AF",
              "name": "Africa"
            },
            "name": "Burundi"
          },
          {
            "code": "BJ",
            "capital": "Porto-Novo",
            "continent": {
              "code": "AF",
              "name": "Africa"
            },
            "name": "Benin"
          },
          {
            "code": "BL",
            "capital": "Gustavia",
            "continent": {
              "code": "NA",
              "name": "North America"
            },
            "name": "Saint Barth\u00e9lemy"
          },
          {
            "code": "BM",
            "capital": "Hamilton",
            "continent": {
              "code": "NA",
              "name": "North America"
            },
            "name": "Bermuda"
          },
          {
            "code": "BN",
            "capital": "Bandar Seri Begawan",
            "continent": {
              "code": "AS",
              "name": "Asia"
            },
            "name": "Brunei"
          },
          {
            "code": "BO",
            "capital": "Sucre",
            "continent": {
              "code": "SA",
              "name": "South America"
            },
            "name": "Bolivia"
          },
          {
            "code": "BQ",
            "capital": "Kralendijk",
            "continent": {
              "code": "NA",
              "name": "North America"
            },
            "name": "Bonaire"
          },
          {
            "code": "BR",
            "capital": "Bras\u00edlia",
            "continent": {
              "code": "SA",
              "name": "South America"
            },
            "name": "Brazil"
          },
          {
            "code": "BS",
            "capital": "Nassau",
            "continent": {
              "code": "NA",
              "name": "North America"
            },
            "name": "Bahamas"
          },
          {
            "code": "BT",
            "capital": "Thimphu",
            "continent": {
              "code": "AS",
              "name": "Asia"
            },
            "name": "Bhutan"
          },
          {
            "code": "BV",
            "capital": null,
            "continent": {
              "code": "AN",
              "name": "Antarctica"
            },
            "name": "Bouvet Island"
          },
          {
            "code": "BW",
            "capital": "Gaborone",
            "continent": {
              "code": "AF",
              "name": "Africa"
            },
            "name": "Botswana"
          },
          {
            "code": "BY",
            "capital": "Minsk",
            "continent": {
              "code": "EU",
              "name": "Europe"
            },
            "name": "Belarus"
          },
          {
            "code": "BZ",
            "capital": "Belmopan",
            "continent": {
              "code": "NA",
              "name": "North America"
            },
            "name": "Belize"
          },
          {
            "code": "CA",
            "capital": "Ottawa",
            "continent": {
              "code": "NA",
              "name": "North America"
            },
            "name": "Canada"
          },
          {
            "code": "CC",
            "capital": "West Island",
            "continent": {
              "code": "AS",
              "name": "Asia"
            },
            "name": "Cocos [Keeling] Islands"
          },
          {
            "code": "CD",
            "capital": "Kinshasa",
            "continent": {
              "code": "AF",
              "name": "Africa"
            },
            "name": "Democratic Republic of the Congo"
          },
          {
            "code": "CF",
            "capital": "Bangui",
            "continent": {
              "code": "AF",
              "name": "Africa"
            },
            "name": "Central African Republic"
          },
          {
            "code": "CG",
            "capital": "Brazzaville",
            "continent": {
              "code": "AF",
              "name": "Africa"
            },
            "name": "Republic of the Congo"
          },
          {
            "code": "CH",
            "capital": "Bern",
            "continent": {
              "code": "EU",
              "name": "Europe"
            },
            "name": "Switzerland"
          },
          {
            "code": "CI",
            "capital": "Yamoussoukro",
            "continent": {
              "code": "AF",
              "name": "Africa"
            },
            "name": "Ivory Coast"
          },
          {
            "code": "CK",
            "capital": "Avarua",
            "continent": {
              "code": "OC",
              "name": "Oceania"
            },
            "name": "Cook Islands"
          },
          {
            "code": "CL",
            "capital": "Santiago",
            "continent": {
              "code": "SA",
              "name": "South America"
            },
            "name": "Chile"
          },
          {
            "code": "CM",
            "capital": "Yaound\u00e9",
            "continent": {
              "code": "AF",
              "name": "Africa"
            },
            "name": "Cameroon"
          },
          {
            "code": "CN",
            "capital": "Beijing",
            "continent": {
              "code": "AS",
              "name": "Asia"
            },
            "name": "China"
          },
          {
            "code": "CO",
            "capital": "Bogot\u00e1",
            "continent": {
              "code": "SA",
              "name": "South America"
            },
            "name": "Colombia"
          },
          {
            "code": "CR",
            "capital": "San Jos\u00e9",
            "continent": {
              "code": "NA",
              "name": "North America"
            },
            "name": "Costa Rica"
          },
          {
            "code": "CU",
            "capital": "Havana",
            "continent": {
              "code": "NA",
              "name": "North America"
            },
            "name": "Cuba"
          },
          {
            "code": "CV",
            "capital": "Praia",
            "continent": {
              "code": "AF",
              "name": "Africa"
            },
            "name": "Cape Verde"
          },
          {
            "code": "CW",
            "capital": "Willemstad",
            "continent": {
              "code": "NA",
              "name": "North America"
            },
            "name": "Curacao"
          },
          {
            "code": "CX",
            "capital": "Flying Fish Cove",
            "continent": {
              "code": "AS",
              "name": "Asia"
            },
            "name": "Christmas Island"
          },
          {
            "code": "CY",
            "capital": "Nicosia",
            "continent": {
              "code": "EU",
              "name": "Europe"
            },
            "name": "Cyprus"
          },
          {
            "code": "CZ",
            "capital": "Prague",
            "continent": {
              "code": "EU",
              "name": "Europe"
            },
            "name": "Czech Republic"
          },
          {
            "code": "DE",
            "capital": "Berlin",
            "continent": {
              "code": "EU",
              "name": "Europe"
            },
            "name": "Germany"
          },
          {
            "code": "DJ",
            "capital": "Djibouti",
            "continent": {
              "code": "AF",
              "name": "Africa"
            },
            "name": "Djibouti"
          },
          {
            "code": "DK",
            "capital": "Copenhagen",
            "continent": {
              "code": "EU",
              "name": "Europe"
            },
            "name": "Denmark"
          },
          {
            "code": "DM",
            "capital": "Roseau",
            "continent": {
              "code": "NA",
              "name": "North America"
            },
            "name": "Dominica"
          },
          {
            "code": "DO",
            "capital": "Santo Domingo",
            "continent": {
              "code": "NA",
              "name": "North America"
            },
            "name": "Dominican Republic"
          },
          {
            "code": "DZ",
            "capital": "Algiers",
            "continent": {
              "code": "AF",
              "name": "Africa"
            },
            "name": "Algeria"
          },
          {
            "code": "EC",
            "capital": "Quito",
            "continent": {
              "code": "SA",
              "name": "South America"
            },
            "name": "Ecuador"
          },
          {
            "code": "EE",
            "capital": "Tallinn",
            "continent": {
              "code": "EU",
              "name": "Europe"
            },
            "name": "Estonia"
          },
          {
            "code": "EG",
            "capital": "Cairo",
            "continent": {
              "code": "AF",
              "name": "Africa"
            },
            "name": "Egypt"
          },
          {
            "code": "EH",
            "capital": "El Aai\u00fan",
            "continent": {
              "code": "AF",
              "name": "Africa"
            },
            "name": "Western Sahara"
          },
          {
            "code": "ER",
            "capital": "Asmara",
            "continent": {
              "code": "AF",
              "name": "Africa"
            },
            "name": "Eritrea"
          },
          {
            "code": "ES",
            "capital": "Madrid",
            "continent": {
              "code": "EU",
              "name": "Europe"
            },
            "name": "Spain"
          },
          {
            "code": "ET",
            "capital": "Addis Ababa",
            "continent": {
              "code": "AF",
              "name": "Africa"
            },
            "name": "Ethiopia"
          },
          {
            "code": "FI",
            "capital": "Helsinki",
            "continent": {
              "code": "EU",
              "name": "Europe"
            },
            "name": "Finland"
          },
          {
            "code": "FJ",
            "capital": "Suva",
            "continent": {
              "code": "OC",
              "name": "Oceania"
            },
            "name": "Fiji"
          },
          {
            "code": "FK",
            "capital": "Stanley",
            "continent": {
              "code": "SA",
              "name": "South America"
            },
            "name": "Falkland Islands"
          },
          {
            "code": "FM",
            "capital": "Palikir",
            "continent": {
              "code": "OC",
              "name": "Oceania"
            },
            "name": "Micronesia"
          },
          {
            "code": "FO",
            "capital": "T\u00f3rshavn",
            "continent": {
              "code": "EU",
              "name": "Europe"
            },
            "name": "Faroe Islands"
          },
          {
            "code": "FR",
            "capital": "Paris",
            "continent": {
              "code": "EU",
              "name": "Europe"
            },
            "name": "France"
          },
          {
            "code": "GA",
            "capital": "Libreville",
            "continent": {
              "code": "AF",
              "name": "Africa"
            },
            "name": "Gabon"
          },
          {
            "code": "GB",
            "capital": "London",
            "continent": {
              "code": "EU",
              "name": "Europe"
            },
            "name": "United Kingdom"
          },
          {
            "code": "GD",
            "capital": "St. George's",
            "continent": {
              "code": "NA",
              "name": "North America"
            },
            "name": "Grenada"
          },
          {
            "code": "GE",
            "capital": "Tbilisi",
            "continent": {
              "code": "AS",
              "name": "Asia"
            },
            "name": "Georgia"
          },
          {
            "code": "GF",
            "capital": "Cayenne",
            "continent": {
              "code": "SA",
              "name": "South America"
            },
            "name": "French Guiana"
          },
          {
            "code": "GG",
            "capital": "St. Peter Port",
            "continent": {
              "code": "EU",
              "name": "Europe"
            },
            "name": "Guernsey"
          },
          {
            "code": "GH",
            "capital": "Accra",
            "continent": {
              "code": "AF",
              "name": "Africa"
            },
            "name": "Ghana"
          },
          {
            "code": "GI",
            "capital": "Gibraltar",
            "continent": {
              "code": "EU",
              "name": "Europe"
            },
            "name": "Gibraltar"
          },
          {
            "code": "GL",
            "capital": "Nuuk",
            "continent": {
              "code": "NA",
              "name": "North America"
            },
            "name": "Greenland"
          },
          {
            "code": "GM",
            "capital": "Banjul",
            "continent": {
              "code": "AF",
              "name": "Africa"
            },
            "name": "Gambia"
          },
          {
            "code": "GN",
            "capital": "Conakry",
            "continent": {
              "code": "AF",
              "name": "Africa"
            },
            "name": "Guinea"
          },
          {
            "code": "GP",
            "capital": "Basse-Terre",
            "continent": {
              "code": "NA",
              "name": "North America"
            },
            "name": "Guadeloupe"
          },
          {
            "code": "GQ",
            "capital": "Malabo",
            "continent": {
              "code": "AF",
              "name": "Africa"
            },
            "name": "Equatorial Guinea"
          },
          {
            "code": "GR",
            "capital": "Athens",
            "continent": {
              "code": "EU",
              "name": "Europe"
            },
            "name": "Greece"
          },
          {
            "code": "GS",
            "capital": "King Edward Point",
            "continent": {
              "code": "AN",
              "name": "Antarctica"
            },
            "name": "South Georgia and the South Sandwich Islands"
          },
          {
            "code": "GT",
            "capital": "Guatemala City",
            "continent": {
              "code": "NA",
              "name": "North America"
            },
            "name": "Guatemala"
          },
          {
            "code": "GU",
            "capital": "Hag\u00e5t\u00f1a",
            "continent": {
              "code": "OC",
              "name": "Oceania"
            },
            "name": "Guam"
          },
          {
            "code": "GW",
            "capital": "Bissau",
            "continent": {
              "code": "AF",
              "name": "Africa"
            },
            "name": "Guinea-Bissau"
          },
          {
            "code": "GY",
            "capital": "Georgetown",
            "continent": {
              "code": "SA",
              "name": "South America"
            },
            "name": "Guyana"
          },
          {
            "code": "HK",
            "capital": "City of Victoria",
            "continent": {
              "code": "AS",
              "name": "Asia"
            },
            "name": "Hong Kong"
          },
          {
            "code": "HM",
            "capital": null,
            "continent": {
              "code": "AN",
              "name": "Antarctica"
            },
            "name": "Heard Island and McDonald Islands"
          },
          {
            "code": "HN",
            "capital": "Tegucigalpa",
            "continent": {
              "code": "NA",
              "name": "North America"
            },
            "name": "Honduras"
          },
          {
            "code": "HR",
            "capital": "Zagreb",
            "continent": {
              "code": "EU",
              "name": "Europe"
            },
            "name": "Croatia"
          },
          {
            "code": "HT",
            "capital": "Port-au-Prince",
            "continent": {
              "code": "NA",
              "name": "North America"
            },
            "name": "Haiti"
          },
          {
            "code": "HU",
            "capital": "Budapest",
            "continent": {
              "code": "EU",
              "name": "Europe"
            },
            "name": "Hungary"
          },
          {
            "code": "ID",
            "capital": "Jakarta",
            "continent": {
              "code": "AS",
              "name": "Asia"
            },
            "name": "Indonesia"
          },
          {
            "code": "IE",
            "capital": "Dublin",
            "continent": {
              "code": "EU",
              "name": "Europe"
            },
            "name": "Ireland"
          },
          {
            "code": "IL",
            "capital": "Jerusalem",
            "continent": {
              "code": "AS",
              "name": "Asia"
            },
            "name": "Israel"
          },
          {
            "code": "IM",
            "capital": "Douglas",
            "continent": {
              "code": "EU",
              "name": "Europe"
            },
            "name": "Isle of Man"
          },
          {
            "code": "IN",
            "capital": "New Delhi",
            "continent": {
              "code": "AS",
              "name": "Asia"
            },
            "name": "India"
          },
          {
            "code": "IO",
            "capital": "Diego Garcia",
            "continent": {
              "code": "AS",
              "name": "Asia"
            },
            "name": "British Indian Ocean Territory"
          },
          {
            "code": "IQ",
            "capital": "Baghdad",
            "continent": {
              "code": "AS",
              "name": "Asia"
            },
            "name": "Iraq"
          },
          {
            "code": "IR",
            "capital": "Tehran",
            "continent": {
              "code": "AS",
              "name": "Asia"
            },
            "name": "Iran"
          },
          {
            "code": "IS",
            "capital": "Reykjavik",
            "continent": {
              "code": "EU",
              "name": "Europe"
            },
            "name": "Iceland"
          },
          {
            "code": "IT",
            "capital": "Rome",
            "continent": {
              "code": "EU",
              "name": "Europe"
            },
            "name": "Italy"
          },
          {
            "code": "JE",
            "capital": "Saint Helier",
            "continent": {
              "code": "EU",
              "name": "Europe"
            },
            "name": "Jersey"
          },
          {
            "code": "JM",
            "capital": "Kingston",
            "continent": {
              "code": "NA",
              "name": "North America"
            },
            "name": "Jamaica"
          },
          {
            "code": "JO",
            "capital": "Amman",
            "continent": {
              "code": "AS",
              "name": "Asia"
            },
            "name": "Jordan"
          },
          {
            "code": "JP",
            "capital": "Tokyo",
            "continent": {
              "code": "AS",
              "name": "Asia"
            },
            "name": "Japan"
          },
          {
            "code": "KE",
            "capital": "Nairobi",
            "continent": {
              "code": "AF",
              "name": "Africa"
            },
            "name": "Kenya"
          },
          {
            "code": "KG",
            "capital": "Bishkek",
            "continent": {
              "code": "AS",
              "name": "Asia"
            },
            "name": "Kyrgyzstan"
          },
          {
            "code": "KH",
            "capital": "Phnom Penh",
            "continent": {
              "code": "AS",
              "name": "Asia"
            },
            "name": "Cambodia"
          },
          {
            "code": "KI",
            "capital": "South Tarawa",
            "continent": {
              "code": "OC",
              "name": "Oceania"
            },
            "name": "Kiribati"
          },
          {
            "code": "KM",
            "capital": "Moroni",
            "continent": {
              "code": "AF",
              "name": "Africa"
            },
            "name": "Comoros"
          },
          {
            "code": "KN",
            "capital": "Basseterre",
            "continent": {
              "code": "NA",
              "name": "North America"
            },
            "name": "Saint Kitts and Nevis"
          },
          {
            "code": "KP",
            "capital": "Pyongyang",
            "continent": {
              "code": "AS",
              "name": "Asia"
            },
            "name": "North Korea"
          },
          {
            "code": "KR",
            "capital": "Seoul",
            "continent": {
              "code": "AS",
              "name": "Asia"
            },
            "name": "South Korea"
          },
          {
            "code": "KW",
            "capital": "Kuwait City",
            "continent": {
              "code": "AS",
              "name": "Asia"
            },
            "name": "Kuwait"
          },
          {
            "code": "KY",
            "capital": "George Town",
            "continent": {
              "code": "NA",
              "name": "North America"
            },
            "name": "Cayman Islands"
          },
          {
            "code": "KZ",
            "capital": "Astana",
            "continent": {
              "code": "AS",
              "name": "Asia"
            },
            "name": "Kazakhstan"
          },
          {
            "code": "LA",
            "capital": "Vientiane",
            "continent": {
              "code": "AS",
              "name": "Asia"
            },
            "name": "Laos"
          },
          {
            "code": "LB",
            "capital": "Beirut",
            "continent": {
              "code": "AS",
              "name": "Asia"
            },
            "name": "Lebanon"
          },
          {
            "code": "LC",
            "capital": "Castries",
            "continent": {
              "code": "NA",
              "name": "North America"
            },
            "name": "Saint Lucia"
          },
          {
            "code": "LI",
            "capital": "Vaduz",
            "continent": {
              "code": "EU",
              "name": "Europe"
            },
            "name": "Liechtenstein"
          },
          {
            "code": "LK",
            "capital": "Colombo",
            "continent": {
              "code": "AS",
              "name": "Asia"
            },
            "name": "Sri Lanka"
          },
          {
            "code": "LR",
            "capital": "Monrovia",
            "continent": {
              "code": "AF",
              "name": "Africa"
            },
            "name": "Liberia"
          },
          {
            "code": "LS",
            "capital": "Maseru",
            "continent": {
              "code": "AF",
              "name": "Africa"
            },
            "name": "Lesotho"
          },
          {
            "code": "LT",
            "capital": "Vilnius",
            "continent": {
              "code": "EU",
              "name": "Europe"
            },
            "name": "Lithuania"
          },
          {
            "code": "LU",
            "capital": "Luxembourg",
            "continent": {
              "code": "EU",
              "name": "Europe"
            },
            "name": "Luxembourg"
          },
          {
            "code": "LV",
            "capital": "Riga",
            "continent": {
              "code": "EU",
              "name": "Europe"
            },
            "name": "Latvia"
          },
          {
            "code": "LY",
            "capital": "Tripoli",
            "continent": {
              "code": "AF",
              "name": "Africa"
            },
            "name": "Libya"
          },
          {
            "code": "MA",
            "capital": "Rabat",
            "continent": {
              "code": "AF",
              "name": "Africa"
            },
            "name": "Morocco"
          },
          {
            "code": "MC",
            "capital": "Monaco",
            "continent": {
              "code": "EU",
              "name": "Europe"
            },
            "name": "Monaco"
          },
          {
            "code": "MD",
            "capital": "Chi\u0219in\u0103u",
            "continent": {
              "code": "EU",
              "name": "Europe"
            },
            "name": "Moldova"
          },
          {
            "code": "ME",
            "capital": "Podgorica",
            "continent": {
              "code": "EU",
              "name": "Europe"
            },
            "name": "Montenegro"
          },
          {
            "code": "MF",
            "capital": "Marigot",
            "continent": {
              "code": "NA",
              "name": "North America"
            },
            "name": "Saint Martin"
          },
          {
            "code": "MG",
            "capital": "Antananarivo",
            "continent": {
              "code": "AF",
              "name": "Africa"
            },
            "name": "Madagascar"
          },
          {
            "code": "MH",
            "capital": "Majuro",
            "continent": {
              "code": "OC",
              "name": "Oceania"
            },
            "name": "Marshall Islands"
          },
          {
            "code": "MK",
            "capital": "Skopje",
            "continent": {
              "code": "EU",
              "name": "Europe"
            },
            "name": "North Macedonia"
          },
          {
            "code": "ML",
            "capital": "Bamako",
            "continent": {
              "code": "AF",
              "name": "Africa"
            },
            "name": "Mali"
          },
          {
            "code": "MM",
            "capital": "Naypyidaw",
            "continent": {
              "code": "AS",
              "name": "Asia"
            },
            "name": "Myanmar [Burma]"
          },
          {
            "code": "MN",
            "capital": "Ulan Bator",
            "continent": {
              "code": "AS",
              "name": "Asia"
            },
            "name": "Mongolia"
          },
          {
            "code": "MO",
            "capital": null,
            "continent": {
              "code": "AS",
              "name": "Asia"
            },
            "name": "Macao"
          },
          {
            "code": "MP",
            "capital": "Saipan",
            "continent": {
              "code": "OC",
              "name": "Oceania"
            },
            "name": "Northern Mariana Islands"
          },
          {
            "code": "MQ",
            "capital": "Fort-de-France",
            "continent": {
              "code": "NA",
              "name": "North America"
            },
            "name": "Martinique"
          },
          {
            "code": "MR",
            "capital": "Nouakchott",
            "continent": {
              "code": "AF",
              "name": "Africa"
            },
            "name": "Mauritania"
          },
          {
            "code": "MS",
            "capital": "Plymouth",
            "continent": {
              "code": "NA",
              "name": "North America"
            },
            "name": "Montserrat"
          },
          {
            "code": "MT",
            "capital": "Valletta",
            "continent": {
              "code": "EU",
              "name": "Europe"
            },
            "name": "Malta"
          },
          {
            "code": "MU",
            "capital": "Port Louis",
            "continent": {
              "code": "AF",
              "name": "Africa"
            },
            "name": "Mauritius"
          },
          {
            "code": "MV",
            "capital": "Mal\u00e9",
            "continent": {
              "code": "AS",
              "name": "Asia"
            },
            "name": "Maldives"
          },
          {
            "code": "MW",
            "capital": "Lilongwe",
            "continent": {
              "code": "AF",
              "name": "Africa"
            },
            "name": "Malawi"
          },
          {
            "code": "MX",
            "capital": "Mexico City",
            "continent": {
              "code": "NA",
              "name": "North America"
            },
            "name": "Mexico"
          },
          {
            "code": "MY",
            "capital": "Kuala Lumpur",
            "continent": {
              "code": "AS",
              "name": "Asia"
            },
            "name": "Malaysia"
          },
          {
            "code": "MZ",
            "capital": "Maputo",
            "continent": {
              "code": "AF",
              "name": "Africa"
            },
            "name": "Mozambique"
          },
          {
            "code": "NA",
            "capital": "Windhoek",
            "continent": {
              "code": "AF",
              "name": "Africa"
            },
            "name": "Namibia"
          },
          {
            "code": "NC",
            "capital": "Noum\u00e9a",
            "continent": {
              "code": "OC",
              "name": "Oceania"
            },
            "name": "New Caledonia"
          },
          {
            "code": "NE",
            "capital": "Niamey",
            "continent": {
              "code": "AF",
              "name": "Africa"
            },
            "name": "Niger"
          },
          {
            "code": "NF",
            "capital": "Kingston",
            "continent": {
              "code": "OC",
              "name": "Oceania"
            },
            "name": "Norfolk Island"
          },
          {
            "code": "NG",
            "capital": "Abuja",
            "continent": {
              "code": "AF",
              "name": "Africa"
            },
            "name": "Nigeria"
          },
          {
            "code": "NI",
            "capital": "Managua",
            "continent": {
              "code": "NA",
              "name": "North America"
            },
            "name": "Nicaragua"
          },
          {
            "code": "NL",
            "capital": "Amsterdam",
            "continent": {
              "code": "EU",
              "name": "Europe"
            },
            "name": "Netherlands"
          },
          {
            "code": "NO",
            "capital": "Oslo",
            "continent": {
              "code": "EU",
              "name": "Europe"
            },
            "name": "Norway"
          },
          {
            "code": "NP",
            "capital": "Kathmandu",
            "continent": {
              "code": "AS",
              "name": "Asia"
            },
            "name": "Nepal"
          },
          {
            "code": "NR",
            "capital": "Yaren",
            "continent": {
              "code": "OC",
              "name": "Oceania"
            },
            "name": "Nauru"
          },
          {
            "code": "NU",
            "capital": "Alofi",
            "continent": {
              "code": "OC",
              "name": "Oceania"
            },
            "name": "Niue"
          },
          {
            "code": "NZ",
            "capital": "Wellington",
            "continent": {
              "code": "OC",
              "name": "Oceania"
            },
            "name": "New Zealand"
          },
          {
            "code": "OM",
            "capital": "Muscat",
            "continent": {
              "code": "AS",
              "name": "Asia"
            },
            "name": "Oman"
          },
          {
            "code": "PA",
            "capital": "Panama City",
            "continent": {
              "code": "NA",
              "name": "North America"
            },
            "name": "Panama"
          },
          {
            "code": "PE",
            "capital": "Lima",
            "continent": {
              "code": "SA",
              "name": "South America"
            },
            "name": "Peru"
          },
          {
            "code": "PF",
            "capital": "Papeet\u0113",
            "continent": {
              "code": "OC",
              "name": "Oceania"
            },
            "name": "French Polynesia"
          },
          {
            "code": "PG",
            "capital": "Port Moresby",
            "continent": {
              "code": "OC",
              "name": "Oceania"
            },
            "name": "Papua New Guinea"
          },
          {
            "code": "PH",
            "capital": "Manila",
            "continent": {
              "code": "AS",
              "name": "Asia"
            },
            "name": "Philippines"
          },
          {
            "code": "PK",
            "capital": "Islamabad",
            "continent": {
              "code": "AS",
              "name": "Asia"
            },
            "name": "Pakistan"
          },
          {
            "code": "PL",
            "capital": "Warsaw",
            "continent": {
              "code": "EU",
              "name": "Europe"
            },
            "name": "Poland"
          },
          {
            "code": "PM",
            "capital": "Saint-Pierre",
            "continent": {
              "code": "NA",
              "name": "North America"
            },
            "name": "Saint Pierre and Miquelon"
          },
          {
            "code": "PN",
            "capital": "Adamstown",
            "continent": {
              "code": "OC",
              "name": "Oceania"
            },
            "name": "Pitcairn Islands"
          },
          {
            "code": "PR",
            "capital": "San Juan",
            "continent": {
              "code": "NA",
              "name": "North America"
            },
            "name": "Puerto Rico"
          },
          {
            "code": "PS",
            "capital": "Ramallah",
            "continent": {
              "code": "AS",
              "name": "Asia"
            },
            "name": "Palestine"
          },
          {
            "code": "PT",
            "capital": "Lisbon",
            "continent": {
              "code": "EU",
              "name": "Europe"
            },
            "name": "Portugal"
          },
          {
            "code": "PW",
            "capital": "Ngerulmud",
            "continent": {
              "code": "OC",
              "name": "Oceania"
            },
            "name": "Palau"
          },
          {
            "code": "PY",
            "capital": "Asunci\u00f3n",
            "continent": {
              "code": "SA",
              "name": "South America"
            },
            "name": "Paraguay"
          },
          {
            "code": "QA",
            "capital": "Doha",
            "continent": {
              "code": "AS",
              "name": "Asia"
            },
            "name": "Qatar"
          },
          {
            "code": "RE",
            "capital": "Saint-Denis",
            "continent": {
              "code": "AF",
              "name": "Africa"
            },
            "name": "R\u00e9union"
          },
          {
            "code": "RO",
            "capital": "Bucharest",
            "continent": {
              "code": "EU",
              "name": "Europe"
            },
            "name": "Romania"
          },
          {
            "code": "RS",
            "capital": "Belgrade",
            "continent": {
              "code": "EU",
              "name": "Europe"
            },
            "name": "Serbia"
          },
          {
            "code": "RU",
            "capital": "Moscow",
            "continent": {
              "code": "EU",
              "name": "Europe"
            },
            "name": "Russia"
          },
          {
            "code": "RW",
            "capital": "Kigali",
            "continent": {
              "code": "AF",
              "name": "Africa"
            },
            "name": "Rwanda"
          },
          {
            "code": "SA",
            "capital": "Riyadh",
            "continent": {
              "code": "AS",
              "name": "Asia"
            },
            "name": "Saudi Arabia"
          },
          {
            "code": "SB",
            "capital": "Honiara",
            "continent": {
              "code": "OC",
              "name": "Oceania"
            },
            "name": "Solomon Islands"
          },
          {
            "code": "SC",
            "capital": "Victoria",
            "continent": {
              "code": "AF",
              "name": "Africa"
            },
            "name": "Seychelles"
          },
          {
            "code": "SD",
            "capital": "Khartoum",
            "continent": {
              "code": "AF",
              "name": "Africa"
            },
            "name": "Sudan"
          },
          {
            "code": "SE",
            "capital": "Stockholm",
            "continent": {
              "code": "EU",
              "name": "Europe"
            },
            "name": "Sweden"
          },
          {
            "code": "SG",
            "capital": "Singapore",
            "continent": {
              "code": "AS",
              "name": "Asia"
            },
            "name": "Singapore"
          },
          {
            "code": "SH",
            "capital": "Jamestown",
            "continent": {
              "code": "AF",
              "name": "Africa"
            },
            "name": "Saint Helena"
          },
          {
            "code": "SI",
            "capital": "Ljubljana",
            "continent": {
              "code": "EU",
              "name": "Europe"
            },
            "name": "Slovenia"
          },
          {
            "code": "SJ",
            "capital": "Longyearbyen",
            "continent": {
              "code": "EU",
              "name": "Europe"
            },
            "name": "Svalbard and Jan Mayen"
          },
          {
            "code": "SK",
            "capital": "Bratislava",
            "continent": {
              "code": "EU",
              "name": "Europe"
            },
            "name": "Slovakia"
          },
          {
            "code": "SL",
            "capital": "Freetown",
            "continent": {
              "code": "AF",
              "name": "Africa"
            },
            "name": "Sierra Leone"
          },
          {
            "code": "SM",
            "capital": "City of San Marino",
            "continent": {
              "code": "EU",
              "name": "Europe"
            },
            "name": "San Marino"
          },
          {
            "code": "SN",
            "capital": "Dakar",
            "continent": {
              "code": "AF",
              "name": "Africa"
            },
            "name": "Senegal"
          },
          {
            "code": "SO",
            "capital": "Mogadishu",
            "continent": {
              "code": "AF",
              "name": "Africa"
            },
            "name": "Somalia"
          },
          {
            "code": "SR",
            "capital": "Paramaribo",
            "continent": {
              "code": "SA",
              "name": "South America"
            },
            "name": "Suriname"
          },
          {
            "code": "SS",
            "capital": "Juba",
            "continent": {
              "code": "AF",
              "name": "Africa"
            },
            "name": "South Sudan"
          },
          {
            "code": "ST",
            "capital": "S\u00e3o Tom\u00e9",
            "continent": {
              "code": "AF",
              "name": "Africa"
            },
            "name": "S\u00e3o Tom\u00e9 and Pr\u00edncipe"
          },
          {
            "code": "SV",
            "capital": "San Salvador",
            "continent": {
              "code": "NA",
              "name": "North America"
            },
            "name": "El Salvador"
          },
          {
            "code": "SX",
            "capital": "Philipsburg",
            "continent": {
              "code": "NA",
              "name": "North America"
            },
            "name": "Sint Maarten"
          },
          {
            "code": "SY",
            "capital": "Damascus",
            "continent": {
              "code": "AS",
              "name": "Asia"
            },
            "name": "Syria"
          },
          {
            "code": "SZ",
            "capital": "Lobamba",
            "continent": {
              "code": "AF",
              "name": "Africa"
            },
            "name": "Swaziland"
          },
          {
            "code": "TC",
            "capital": "Cockburn Town",
            "continent": {
              "code": "NA",
              "name": "North America"
            },
            "name": "Turks and Caicos Islands"
          },
          {
            "code": "TD",
            "capital": "N'Djamena",
            "continent": {
              "code": "AF",
              "name": "Africa"
            },
            "name": "Chad"
          },
          {
            "code": "TF",
            "capital": "Port-aux-Fran\u00e7ais",
            "continent": {
              "code": "AN",
              "name": "Antarctica"
            },
            "name": "French Southern Territories"
          },
          {
            "code": "TG",
            "capital": "Lom\u00e9",
            "continent": {
              "code": "AF",
              "name": "Africa"
            },
            "name": "Togo"
          },
          {
            "code": "TH",
            "capital": "Bangkok",
            "continent": {
              "code": "AS",
              "name": "Asia"
            },
            "name": "Thailand"
          },
          {
            "code": "TJ",
            "capital": "Dushanbe",
            "continent": {
              "code": "AS",
              "name": "Asia"
            },
            "name": "Tajikistan"
          },
          {
            "code": "TK",
            "capital": "Fakaofo",
            "continent": {
              "code": "OC",
              "name": "Oceania"
            },
            "name": "Tokelau"
          },
          {
            "code": "TL",
            "capital": "Dili",
            "continent": {
              "code": "OC",
              "name": "Oceania"
            },
            "name": "East Timor"
          },
          {
            "code": "TM",
            "capital": "Ashgabat",
            "continent": {
              "code": "AS",
              "name": "Asia"
            },
            "name": "Turkmenistan"
          },
          {
            "code": "TN",
            "capital": "Tunis",
            "continent": {
              "code": "AF",
              "name": "Africa"
            },
            "name": "Tunisia"
          },
          {
            "code": "TO",
            "capital": "Nuku'alofa",
            "continent": {
              "code": "OC",
              "name": "Oceania"
            },
            "name": "Tonga"
          },
          {
            "code": "TR",
            "capital": "Ankara",
            "continent": {
              "code": "AS",
              "name": "Asia"
            },
            "name": "Turkey"
          },
          {
            "code": "TT",
            "capital": "Port of Spain",
            "continent": {
              "code": "NA",
              "name": "North America"
            },
            "name": "Trinidad and Tobago"
          },
          {
            "code": "TV",
            "capital": "Funafuti",
            "continent": {
              "code": "OC",
              "name": "Oceania"
            },
            "name": "Tuvalu"
          },
          {
            "code": "TW",
            "capital": "Taipei",
            "continent": {
              "code": "AS",
              "name": "Asia"
            },
            "name": "Taiwan"
          },
          {
            "code": "TZ",
            "capital": "Dodoma",
            "continent": {
              "code": "AF",
              "name": "Africa"
            },
            "name": "Tanzania"
          },
          {
            "code": "UA",
            "capital": "Kyiv",
            "continent": {
              "code": "EU",
              "name": "Europe"
            },
            "name": "Ukraine"
          },
          {
            "code": "UG",
            "capital": "Kampala",
            "continent": {
              "code": "AF",
              "name": "Africa"
            },
            "name": "Uganda"
          },
          {
            "code": "UM",
            "capital": null,
            "continent": {
              "code": "OC",
              "name": "Oceania"
            },
            "name": "U.S. Minor Outlying Islands"
          },
          {
            "code": "US",
            "capital": "Washington D.C.",
            "continent": {
              "code": "NA",
              "name": "North America"
            },
            "name": "United States"
          },
          {
            "code": "UY",
            "capital": "Montevideo",
            "continent": {
              "code": "SA",
              "name": "South America"
            },
            "name": "Uruguay"
          },
          {
            "code": "UZ",
            "capital": "Tashkent",
            "continent": {
              "code": "AS",
              "name": "Asia"
            },
            "name": "Uzbekistan"
          },
          {
            "code": "VA",
            "capital": "Vatican City",
            "continent": {
              "code": "EU",
              "name": "Europe"
            },
            "name": "Vatican City"
          },
          {
            "code": "VC",
            "capital": "Kingstown",
            "continent": {
              "code": "NA",
              "name": "North America"
            },
            "name": "Saint Vincent and the Grenadines"
          },
          {
            "code": "VE",
            "capital": "Caracas",
            "continent": {
              "code": "SA",
              "name": "South America"
            },
            "name": "Venezuela"
          },
          {
            "code": "VG",
            "capital": "Road Town",
            "continent": {
              "code": "NA",
              "name": "North America"
            },
            "name": "British Virgin Islands"
          },
          {
            "code": "VI",
            "capital": "Charlotte Amalie",
            "continent": {
              "code": "NA",
              "name": "North America"
            },
            "name": "U.S. Virgin Islands"
          },
          {
            "code": "VN",
            "capital": "Hanoi",
            "continent": {
              "code": "AS",
              "name": "Asia"
            },
            "name": "Vietnam"
          },
          {
            "code": "VU",
            "capital": "Port Vila",
            "continent": {
              "code": "OC",
              "name": "Oceania"
            },
            "name": "Vanuatu"
          },
          {
            "code": "WF",
            "capital": "Mata-Utu",
            "continent": {
              "code": "OC",
              "name": "Oceania"
            },
            "name": "Wallis and Futuna"
          },
          {
            "code": "WS",
            "capital": "Apia",
            "continent": {
              "code": "OC",
              "name": "Oceania"
            },
            "name": "Samoa"
          },
          {
            "code": "XK",
            "capital": "Pristina",
            "continent": {
              "code": "EU",
              "name": "Europe"
            },
            "name": "Kosovo"
          },
          {
            "code": "YE",
            "capital": "Sana'a",
            "continent": {
              "code": "AS",
              "name": "Asia"
            },
            "name": "Yemen"
          },
          {
            "code": "YT",
            "capital": "Mamoudzou",
            "continent": {
              "code": "AF",
              "name": "Africa"
            },
            "name": "Mayotte"
          },
          {
            "code": "ZA",
            "capital": "Pretoria",
            "continent": {
              "code": "AF",
              "name": "Africa"
            },
            "name": "South Africa"
          },
          {
            "code": "ZM",
            "capital": "Lusaka",
            "continent": {
              "code": "AF",
              "name": "Africa"
            },
            "name": "Zambia"
          },
          {
            "code": "ZW",
            "capital": "Harare",
            "continent": {
              "code": "AF",
              "name": "Africa"
            },
            "name": "Zimbabwe"
          }
        ]
      }
    },
    "success": true,
    "negative_success": false
  },
  {
    "query": {
      "query": "\nquery {\n  countries(filter: { code: \"US' OR '1'='1'; --\" }) {\n    code\n    name\n    capital\n  }\n}\n",
      "vulnerability_type": "sql_injection"
    },
    "response_status": 200,
    "request_time_seconds": 0.683,
    "timestamp": "2025-10-02T16:10:12.118971Z",
    "count": 2,
    "vulnerability_type": "sql_injection",
    "response_body": {
      "errors": [
        {
          "message": "Expected value of type \"StringQueryOperatorInput\", found \"US' OR '1'='1'; --\".",
          "locations": [
            {
              "line": 2,
              "column": 28
            }
          ],
          "extensions": {
            "code": "GRAPHQL_VALIDATION_FAILED"
          }
        }
      ]
    },
    "success": false,
    "negative_success": false
  },
  {
    "query": {
      "query": "\nquery {\n  countries(filter: { name: \"<script>alert('xss')</script>\" }) {\n    code\n    name\n    native\n  }\n}\n",
      "vulnerability_type": "xss_injection"
    },
    "response_status": 200,
    "request_time_seconds": 0.768,
    "timestamp": "2025-10-02T16:10:14.989163Z",
    "count": 3,
    "vulnerability_type": "xss_injection",
    "response_body": {
      "errors": [
        {
          "message": "Expected value of type \"StringQueryOperatorInput\", found \"<script>alert('xss')</script>\".",
          "locations": [
            {
              "line": 2,
              "column": 28
            }
          ],
          "extensions": {
            "code": "GRAPHQL_VALIDATION_FAILED"
          }
        }
      ]
    },
    "success": false,
    "negative_success": false
  },
  {
    "query": {
      "query": "\nquery {\n  countries(filter: { name: \"http://169.254.169.254/latest/meta-data/iam/security-credentials/\" }) {\n    code\n    name\n    emoji\n  }\n}\n",
      "vulnerability_type": "ssrf_injection"
    },
    "response_status": 200,
    "request_time_seconds": 0.926,
    "timestamp": "2025-10-02T16:10:18.291967Z",
    "count": 4,
    "vulnerability_type": "ssrf_injection",
    "response_body": {
      "errors": [
        {
          "message": "Expected value of type \"StringQueryOperatorInput\", found \"http://169.254.169.254/latest/meta-data/iam/security-credentials/\".",
          "locations": [
            {
              "line": 2,
              "column": 28
            }
          ],
          "extensions": {
            "code": "GRAPHQL_VALIDATION_FAILED"
          }
        }
      ]
    },
    "success": false,
    "negative_success": false
  },
  {
    "query": {
      "query": "\nquery {\n  countries(filter: { code: \"US; /bin/cat /etc/passwd\" }) {\n    code\n    name\n    phone\n  }\n}\n",
      "vulnerability_type": "os_command_injection"
    },
    "response_status": 200,
    "request_time_seconds": 0.754,
    "timestamp": "2025-10-02T16:10:21.116182Z",
    "count": 5,
    "vulnerability_type": "os_command_injection",
    "response_body": {
      "errors": [
        {
          "message": "Expected value of type \"StringQueryOperatorInput\", found \"US; /bin/cat /etc/passwd\".",
          "locations": [
            {
              "line": 2,
              "column": 28
            }
          ],
          "extensions": {
            "code": "GRAPHQL_VALIDATION_FAILED"
          }
        }
      ]
    },
    "success": false,
    "negative_success": false
  },
  {
    "query": {
      "query": "\nquery {\n  countries(filter: { name: \"../../../../../etc/passwd\" }) {\n    code\n    name\n    native\n  }\n}\n",
      "vulnerability_type": "path_injection"
    },
    "response_status": 200,
    "request_time_seconds": 0.999,
    "timestamp": "2025-10-02T16:10:24.923905Z",
    "count": 6,
    "vulnerability_type": "path_injection",
    "response_body": {
      "errors": [
        {
          "message": "Expected value of type \"StringQueryOperatorInput\", found \"../../../../../etc/passwd\".",
          "locations": [
            {
              "line": 2,
              "column": 28
            }
          ],
          "extensions": {
            "code": "GRAPHQL_VALIDATION_FAILED"
          }
        }
      ]
    },
    "success": false,
    "negative_success": false
  },
  {
    "query": {
      "query": "\nquery {\n  countries(filter: { name: \"<img src=x onerror=alert('injected')>\" }) {\n    code\n    name\n    emoji\n  }\n}\n",
      "vulnerability_type": "html_injection"
    },
    "response_status": 200,
    "request_time_seconds": 0.791,
    "timestamp": "2025-10-02T16:10:28.584956Z",
    "count": 7,
    "vulnerability_type": "html_injection",
    "response_body": {
      "errors": [
        {
          "message": "Expected value of type \"StringQueryOperatorInput\", found \"<img src=x onerror=alert('injected')>\".",
          "locations": [
            {
              "line": 2,
              "column": 28
            }
          ],
          "extensions": {
            "code": "GRAPHQL_VALIDATION_FAILED"
          }
        }
      ]
    },
    "success": false,
    "negative_success": false
  },
  {
    "query": {
      "query": "\nquery {\n  countries(filter: { name: \"France\" }) {\n    code\n    name\n    capital\n  }\n}\n",
      "vulnerability_type": "query_deny_bypass_non_aliased"
    },
    "query_deny_bypass_responses": {
      "non_aliased": {
        "response_status": 200,
        "request_time_seconds": 1.109,
        "timestamp": "2025-10-02T16:10:31.684514Z",
        "response_body": {
          "errors": [
            {
              "message": "Expected value of type \"StringQueryOperatorInput\", found \"France\".",
              "locations": [
                {
                  "line": 2,
                  "column": 28
                }
              ],
              "extensions": {
                "code": "GRAPHQL_VALIDATION_FAILED"
              }
            }
          ]
        }
      },
      "aliased": {
        "response_status": 200,
        "request_time_seconds": 3.026,
        "timestamp": "2025-10-02T16:10:34.710914Z",
        "response_body": {
          "errors": [
            {
              "message": "Expected value of type \"StringQueryOperatorInput\", found \"France\".",
              "locations": [
                {
                  "line": 2,
                  "column": 31
                }
              ],
              "extensions": {
                "code": "GRAPHQL_VALIDATION_FAILED"
              }
            }
          ]
        }
      }
    },
    "vulnerability_type": "query_deny_bypass",
    "count": 8,
    "timestamp": "2025-10-02T16:10:34.710956Z",
    "success": false,
    "negative_success": false,
    "retry_query": "\n    query {\n      episodesByIds(ids: [1]) {\n        id\n        name\n      }\n    }\n    ",
    "retry_status": 200,
    "retry_time_seconds": 1.241,
    "retry_response_body": {
      "errors": [
        {
          "message": "Cannot query field \"episodesByIds\" on type \"Query\".",
          "locations": [
            {
              "line": 2,
              "column": 3
            }
          ],
          "extensions": {
            "code": "GRAPHQL_VALIDATION_FAILED"
          }
        }
      ]
    }
  },
  {
    "query": {
      "query": "\nquery {\n  s: countries(filter: { name: \"France\" }) {\n    countryCode: code\n    name\n    capital\n  }\n}\n",
      "vulnerability_type": "query_deny_bypass_aliased"
    },
    "query_deny_bypass_responses": {
      "non_aliased": {
        "response_status": 200,
        "request_time_seconds": 0.783,
        "timestamp": "2025-10-02T16:10:39.325460Z",
        "response_body": {
          "errors": [
            {
              "message": "Expected value of type \"StringQueryOperatorInput\", found \"France\".",
              "locations": [
                {
                  "line": 2,
                  "column": 28
                }
              ],
              "extensions": {
                "code": "GRAPHQL_VALIDATION_FAILED"
              }
            }
          ]
        }
      },
      "aliased": {
        "response_status": 200,
        "request_time_seconds": 1.023,
        "timestamp": "2025-10-02T16:10:40.348836Z",
        "response_body": {
          "errors": [
            {
              "message": "Expected value of type \"StringQueryOperatorInput\", found \"France\".",
              "locations": [
                {
                  "line": 2,
                  "column": 31
                }
              ],
              "extensions": {
                "code": "GRAPHQL_VALIDATION_FAILED"
              }
            }
          ]
        }
      }
    },
    "vulnerability_type": "query_deny_bypass",
    "count": 9,
    "timestamp": "2025-10-02T16:10:40.348888Z",
    "success": false,
    "negative_success": false,
    "retry_query": "\n    query {\n      episodesByIds(ids: [1]) {\n        id\n        name\n      }\n    }\n    ",
    "retry_status": 200,
    "retry_time_seconds": 0.745,
    "retry_response_body": {
      "errors": [
        {
          "message": "Cannot query field \"episodesByIds\" on type \"Query\".",
          "locations": [
            {
              "line": 2,
              "column": 3
            }
          ],
          "extensions": {
            "code": "GRAPHQL_VALIDATION_FAILED"
          }
        }
      ]
    }
  },
  {
    "query": {
      "query": "\nquery {\n  countries {\n    code\n    name\n  }\n  __type(name: \"Country\") {\n    name\n    fields {\n      name\n      type {\n        name\n        kind\n      }\n    }\n  }\n}\n",
      "vulnerability_type": "introspection"
    },
    "response_status": 200,
    "request_time_seconds": 1.155,
    "timestamp": "2025-10-02T16:10:44.435073Z",
    "count": 10,
    "vulnerability_type": "introspection",
    "response_body": {
      "data": {
        "__type": {
          "name": "Country",
          "fields": [
            {
              "name": "awsRegion",
              "type": {
                "name": null,
                "kind": "NON_NULL"
              }
            },
            {
              "name": "capital",
              "type": {
                "name": "String",
                "kind": "SCALAR"
              }
            },
            {
              "name": "code",
              "type": {
                "name": null,
                "kind": "NON_NULL"
              }
            },
            {
              "name": "continent",
              "type": {
                "name": null,
                "kind": "NON_NULL"
              }
            },
            {
              "name": "currencies",
              "type": {
                "name": null,
                "kind": "NON_NULL"
              }
            },
            {
              "name": "currency",
              "type": {
                "name": "String",
                "kind": "SCALAR"
              }
            },
            {
              "name": "emoji",
              "type": {
                "name": null,
                "kind": "NON_NULL"
              }
            },
            {
              "name": "emojiU",
              "type": {
                "name": null,
                "kind": "NON_NULL"
              }
            },
            {
              "name": "languages",
              "type": {
                "name": null,
                "kind": "NON_NULL"
              }
            },
            {
              "name": "name",
              "type": {
                "name": null,
                "kind": "NON_NULL"
              }
            },
            {
              "name": "native",
              "type": {
                "name": null,
                "kind": "NON_NULL"
              }
            },
            {
              "name": "phone",
              "type": {
                "name": null,
                "kind": "NON_NULL"
              }
            },
            {
              "name": "phones",
              "type": {
                "name": null,
                "kind": "NON_NULL"
              }
            },
            {
              "name": "states",
              "type": {
                "name": null,
                "kind": "NON_NULL"
              }
            },
            {
              "name": "subdivisions",
              "type": {
                "name": null,
                "kind": "NON_NULL"
              }
            }
          ]
        },
        "countries": [
          {
            "code": "AD",
            "name": "Andorra"
          },
          {
            "code": "AE",
            "name": "United Arab Emirates"
          },
          {
            "code": "AF",
            "name": "Afghanistan"
          },
          {
            "code": "AG",
            "name": "Antigua and Barbuda"
          },
          {
            "code": "AI",
            "name": "Anguilla"
          },
          {
            "code": "AL",
            "name": "Albania"
          },
          {
            "code": "AM",
            "name": "Armenia"
          },
          {
            "code": "AO",
            "name": "Angola"
          },
          {
            "code": "AQ",
            "name": "Antarctica"
          },
          {
            "code": "AR",
            "name": "Argentina"
          },
          {
            "code": "AS",
            "name": "American Samoa"
          },
          {
            "code": "AT",
            "name": "Austria"
          },
          {
            "code": "AU",
            "name": "Australia"
          },
          {
            "code": "AW",
            "name": "Aruba"
          },
          {
            "code": "AX",
            "name": "\u00c5land"
          },
          {
            "code": "AZ",
            "name": "Azerbaijan"
          },
          {
            "code": "BA",
            "name": "Bosnia and Herzegovina"
          },
          {
            "code": "BB",
            "name": "Barbados"
          },
          {
            "code": "BD",
            "name": "Bangladesh"
          },
          {
            "code": "BE",
            "name": "Belgium"
          },
          {
            "code": "BF",
            "name": "Burkina Faso"
          },
          {
            "code": "BG",
            "name": "Bulgaria"
          },
          {
            "code": "BH",
            "name": "Bahrain"
          },
          {
            "code": "BI",
            "name": "Burundi"
          },
          {
            "code": "BJ",
            "name": "Benin"
          },
          {
            "code": "BL",
            "name": "Saint Barth\u00e9lemy"
          },
          {
            "code": "BM",
            "name": "Bermuda"
          },
          {
            "code": "BN",
            "name": "Brunei"
          },
          {
            "code": "BO",
            "name": "Bolivia"
          },
          {
            "code": "BQ",
            "name": "Bonaire"
          },
          {
            "code": "BR",
            "name": "Brazil"
          },
          {
            "code": "BS",
            "name": "Bahamas"
          },
          {
            "code": "BT",
            "name": "Bhutan"
          },
          {
            "code": "BV",
            "name": "Bouvet Island"
          },
          {
            "code": "BW",
            "name": "Botswana"
          },
          {
            "code": "BY",
            "name": "Belarus"
          },
          {
            "code": "BZ",
            "name": "Belize"
          },
          {
            "code": "CA",
            "name": "Canada"
          },
          {
            "code": "CC",
            "name": "Cocos [Keeling] Islands"
          },
          {
            "code": "CD",
            "name": "Democratic Republic of the Congo"
          },
          {
            "code": "CF",
            "name": "Central African Republic"
          },
          {
            "code": "CG",
            "name": "Republic of the Congo"
          },
          {
            "code": "CH",
            "name": "Switzerland"
          },
          {
            "code": "CI",
            "name": "Ivory Coast"
          },
          {
            "code": "CK",
            "name": "Cook Islands"
          },
          {
            "code": "CL",
            "name": "Chile"
          },
          {
            "code": "CM",
            "name": "Cameroon"
          },
          {
            "code": "CN",
            "name": "China"
          },
          {
            "code": "CO",
            "name": "Colombia"
          },
          {
            "code": "CR",
            "name": "Costa Rica"
          },
          {
            "code": "CU",
            "name": "Cuba"
          },
          {
            "code": "CV",
            "name": "Cape Verde"
          },
          {
            "code": "CW",
            "name": "Curacao"
          },
          {
            "code": "CX",
            "name": "Christmas Island"
          },
          {
            "code": "CY",
            "name": "Cyprus"
          },
          {
            "code": "CZ",
            "name": "Czech Republic"
          },
          {
            "code": "DE",
            "name": "Germany"
          },
          {
            "code": "DJ",
            "name": "Djibouti"
          },
          {
            "code": "DK",
            "name": "Denmark"
          },
          {
            "code": "DM",
            "name": "Dominica"
          },
          {
            "code": "DO",
            "name": "Dominican Republic"
          },
          {
            "code": "DZ",
            "name": "Algeria"
          },
          {
            "code": "EC",
            "name": "Ecuador"
          },
          {
            "code": "EE",
            "name": "Estonia"
          },
          {
            "code": "EG",
            "name": "Egypt"
          },
          {
            "code": "EH",
            "name": "Western Sahara"
          },
          {
            "code": "ER",
            "name": "Eritrea"
          },
          {
            "code": "ES",
            "name": "Spain"
          },
          {
            "code": "ET",
            "name": "Ethiopia"
          },
          {
            "code": "FI",
            "name": "Finland"
          },
          {
            "code": "FJ",
            "name": "Fiji"
          },
          {
            "code": "FK",
            "name": "Falkland Islands"
          },
          {
            "code": "FM",
            "name": "Micronesia"
          },
          {
            "code": "FO",
            "name": "Faroe Islands"
          },
          {
            "code": "FR",
            "name": "France"
          },
          {
            "code": "GA",
            "name": "Gabon"
          },
          {
            "code": "GB",
            "name": "United Kingdom"
          },
          {
            "code": "GD",
            "name": "Grenada"
          },
          {
            "code": "GE",
            "name": "Georgia"
          },
          {
            "code": "GF",
            "name": "French Guiana"
          },
          {
            "code": "GG",
            "name": "Guernsey"
          },
          {
            "code": "GH",
            "name": "Ghana"
          },
          {
            "code": "GI",
            "name": "Gibraltar"
          },
          {
            "code": "GL",
            "name": "Greenland"
          },
          {
            "code": "GM",
            "name": "Gambia"
          },
          {
            "code": "GN",
            "name": "Guinea"
          },
          {
            "code": "GP",
            "name": "Guadeloupe"
          },
          {
            "code": "GQ",
            "name": "Equatorial Guinea"
          },
          {
            "code": "GR",
            "name": "Greece"
          },
          {
            "code": "GS",
            "name": "South Georgia and the South Sandwich Islands"
          },
          {
            "code": "GT",
            "name": "Guatemala"
          },
          {
            "code": "GU",
            "name": "Guam"
          },
          {
            "code": "GW",
            "name": "Guinea-Bissau"
          },
          {
            "code": "GY",
            "name": "Guyana"
          },
          {
            "code": "HK",
            "name": "Hong Kong"
          },
          {
            "code": "HM",
            "name": "Heard Island and McDonald Islands"
          },
          {
            "code": "HN",
            "name": "Honduras"
          },
          {
            "code": "HR",
            "name": "Croatia"
          },
          {
            "code": "HT",
            "name": "Haiti"
          },
          {
            "code": "HU",
            "name": "Hungary"
          },
          {
            "code": "ID",
            "name": "Indonesia"
          },
          {
            "code": "IE",
            "name": "Ireland"
          },
          {
            "code": "IL",
            "name": "Israel"
          },
          {
            "code": "IM",
            "name": "Isle of Man"
          },
          {
            "code": "IN",
            "name": "India"
          },
          {
            "code": "IO",
            "name": "British Indian Ocean Territory"
          },
          {
            "code": "IQ",
            "name": "Iraq"
          },
          {
            "code": "IR",
            "name": "Iran"
          },
          {
            "code": "IS",
            "name": "Iceland"
          },
          {
            "code": "IT",
            "name": "Italy"
          },
          {
            "code": "JE",
            "name": "Jersey"
          },
          {
            "code": "JM",
            "name": "Jamaica"
          },
          {
            "code": "JO",
            "name": "Jordan"
          },
          {
            "code": "JP",
            "name": "Japan"
          },
          {
            "code": "KE",
            "name": "Kenya"
          },
          {
            "code": "KG",
            "name": "Kyrgyzstan"
          },
          {
            "code": "KH",
            "name": "Cambodia"
          },
          {
            "code": "KI",
            "name": "Kiribati"
          },
          {
            "code": "KM",
            "name": "Comoros"
          },
          {
            "code": "KN",
            "name": "Saint Kitts and Nevis"
          },
          {
            "code": "KP",
            "name": "North Korea"
          },
          {
            "code": "KR",
            "name": "South Korea"
          },
          {
            "code": "KW",
            "name": "Kuwait"
          },
          {
            "code": "KY",
            "name": "Cayman Islands"
          },
          {
            "code": "KZ",
            "name": "Kazakhstan"
          },
          {
            "code": "LA",
            "name": "Laos"
          },
          {
            "code": "LB",
            "name": "Lebanon"
          },
          {
            "code": "LC",
            "name": "Saint Lucia"
          },
          {
            "code": "LI",
            "name": "Liechtenstein"
          },
          {
            "code": "LK",
            "name": "Sri Lanka"
          },
          {
            "code": "LR",
            "name": "Liberia"
          },
          {
            "code": "LS",
            "name": "Lesotho"
          },
          {
            "code": "LT",
            "name": "Lithuania"
          },
          {
            "code": "LU",
            "name": "Luxembourg"
          },
          {
            "code": "LV",
            "name": "Latvia"
          },
          {
            "code": "LY",
            "name": "Libya"
          },
          {
            "code": "MA",
            "name": "Morocco"
          },
          {
            "code": "MC",
            "name": "Monaco"
          },
          {
            "code": "MD",
            "name": "Moldova"
          },
          {
            "code": "ME",
            "name": "Montenegro"
          },
          {
            "code": "MF",
            "name": "Saint Martin"
          },
          {
            "code": "MG",
            "name": "Madagascar"
          },
          {
            "code": "MH",
            "name": "Marshall Islands"
          },
          {
            "code": "MK",
            "name": "North Macedonia"
          },
          {
            "code": "ML",
            "name": "Mali"
          },
          {
            "code": "MM",
            "name": "Myanmar [Burma]"
          },
          {
            "code": "MN",
            "name": "Mongolia"
          },
          {
            "code": "MO",
            "name": "Macao"
          },
          {
            "code": "MP",
            "name": "Northern Mariana Islands"
          },
          {
            "code": "MQ",
            "name": "Martinique"
          },
          {
            "code": "MR",
            "name": "Mauritania"
          },
          {
            "code": "MS",
            "name": "Montserrat"
          },
          {
            "code": "MT",
            "name": "Malta"
          },
          {
            "code": "MU",
            "name": "Mauritius"
          },
          {
            "code": "MV",
            "name": "Maldives"
          },
          {
            "code": "MW",
            "name": "Malawi"
          },
          {
            "code": "MX",
            "name": "Mexico"
          },
          {
            "code": "MY",
            "name": "Malaysia"
          },
          {
            "code": "MZ",
            "name": "Mozambique"
          },
          {
            "code": "NA",
            "name": "Namibia"
          },
          {
            "code": "NC",
            "name": "New Caledonia"
          },
          {
            "code": "NE",
            "name": "Niger"
          },
          {
            "code": "NF",
            "name": "Norfolk Island"
          },
          {
            "code": "NG",
            "name": "Nigeria"
          },
          {
            "code": "NI",
            "name": "Nicaragua"
          },
          {
            "code": "NL",
            "name": "Netherlands"
          },
          {
            "code": "NO",
            "name": "Norway"
          },
          {
            "code": "NP",
            "name": "Nepal"
          },
          {
            "code": "NR",
            "name": "Nauru"
          },
          {
            "code": "NU",
            "name": "Niue"
          },
          {
            "code": "NZ",
            "name": "New Zealand"
          },
          {
            "code": "OM",
            "name": "Oman"
          },
          {
            "code": "PA",
            "name": "Panama"
          },
          {
            "code": "PE",
            "name": "Peru"
          },
          {
            "code": "PF",
            "name": "French Polynesia"
          },
          {
            "code": "PG",
            "name": "Papua New Guinea"
          },
          {
            "code": "PH",
            "name": "Philippines"
          },
          {
            "code": "PK",
            "name": "Pakistan"
          },
          {
            "code": "PL",
            "name": "Poland"
          },
          {
            "code": "PM",
            "name": "Saint Pierre and Miquelon"
          },
          {
            "code": "PN",
            "name": "Pitcairn Islands"
          },
          {
            "code": "PR",
            "name": "Puerto Rico"
          },
          {
            "code": "PS",
            "name": "Palestine"
          },
          {
            "code": "PT",
            "name": "Portugal"
          },
          {
            "code": "PW",
            "name": "Palau"
          },
          {
            "code": "PY",
            "name": "Paraguay"
          },
          {
            "code": "QA",
            "name": "Qatar"
          },
          {
            "code": "RE",
            "name": "R\u00e9union"
          },
          {
            "code": "RO",
            "name": "Romania"
          },
          {
            "code": "RS",
            "name": "Serbia"
          },
          {
            "code": "RU",
            "name": "Russia"
          },
          {
            "code": "RW",
            "name": "Rwanda"
          },
          {
            "code": "SA",
            "name": "Saudi Arabia"
          },
          {
            "code": "SB",
            "name": "Solomon Islands"
          },
          {
            "code": "SC",
            "name": "Seychelles"
          },
          {
            "code": "SD",
            "name": "Sudan"
          },
          {
            "code": "SE",
            "name": "Sweden"
          },
          {
            "code": "SG",
            "name": "Singapore"
          },
          {
            "code": "SH",
            "name": "Saint Helena"
          },
          {
            "code": "SI",
            "name": "Slovenia"
          },
          {
            "code": "SJ",
            "name": "Svalbard and Jan Mayen"
          },
          {
            "code": "SK",
            "name": "Slovakia"
          },
          {
            "code": "SL",
            "name": "Sierra Leone"
          },
          {
            "code": "SM",
            "name": "San Marino"
          },
          {
            "code": "SN",
            "name": "Senegal"
          },
          {
            "code": "SO",
            "name": "Somalia"
          },
          {
            "code": "SR",
            "name": "Suriname"
          },
          {
            "code": "SS",
            "name": "South Sudan"
          },
          {
            "code": "ST",
            "name": "S\u00e3o Tom\u00e9 and Pr\u00edncipe"
          },
          {
            "code": "SV",
            "name": "El Salvador"
          },
          {
            "code": "SX",
            "name": "Sint Maarten"
          },
          {
            "code": "SY",
            "name": "Syria"
          },
          {
            "code": "SZ",
            "name": "Swaziland"
          },
          {
            "code": "TC",
            "name": "Turks and Caicos Islands"
          },
          {
            "code": "TD",
            "name": "Chad"
          },
          {
            "code": "TF",
            "name": "French Southern Territories"
          },
          {
            "code": "TG",
            "name": "Togo"
          },
          {
            "code": "TH",
            "name": "Thailand"
          },
          {
            "code": "TJ",
            "name": "Tajikistan"
          },
          {
            "code": "TK",
            "name": "Tokelau"
          },
          {
            "code": "TL",
            "name": "East Timor"
          },
          {
            "code": "TM",
            "name": "Turkmenistan"
          },
          {
            "code": "TN",
            "name": "Tunisia"
          },
          {
            "code": "TO",
            "name": "Tonga"
          },
          {
            "code": "TR",
            "name": "Turkey"
          },
          {
            "code": "TT",
            "name": "Trinidad and Tobago"
          },
          {
            "code": "TV",
            "name": "Tuvalu"
          },
          {
            "code": "TW",
            "name": "Taiwan"
          },
          {
            "code": "TZ",
            "name": "Tanzania"
          },
          {
            "code": "UA",
            "name": "Ukraine"
          },
          {
            "code": "UG",
            "name": "Uganda"
          },
          {
            "code": "UM",
            "name": "U.S. Minor Outlying Islands"
          },
          {
            "code": "US",
            "name": "United States"
          },
          {
            "code": "UY",
            "name": "Uruguay"
          },
          {
            "code": "UZ",
            "name": "Uzbekistan"
          },
          {
            "code": "VA",
            "name": "Vatican City"
          },
          {
            "code": "VC",
            "name": "Saint Vincent and the Grenadines"
          },
          {
            "code": "VE",
            "name": "Venezuela"
          },
          {
            "code": "VG",
            "name": "British Virgin Islands"
          },
          {
            "code": "VI",
            "name": "U.S. Virgin Islands"
          },
          {
            "code": "VN",
            "name": "Vietnam"
          },
          {
            "code": "VU",
            "name": "Vanuatu"
          },
          {
            "code": "WF",
            "name": "Wallis and Futuna"
          },
          {
            "code": "WS",
            "name": "Samoa"
          },
          {
            "code": "XK",
            "name": "Kosovo"
          },
          {
            "code": "YE",
            "name": "Yemen"
          },
          {
            "code": "YT",
            "name": "Mayotte"
          },
          {
            "code": "ZA",
            "name": "South Africa"
          },
          {
            "code": "ZM",
            "name": "Zambia"
          },
          {
            "code": "ZW",
            "name": "Zimbabwe"
          }
        ]
      }
    },
    "success": true,
    "negative_success": false
  },
  {
    "query": {
      "query": "\nquery {\n  countries {\n    nme\n    code\n  }\n}\n",
      "vulnerability_type": "field_suggestions"
    },
    "response_status": 200,
    "request_time_seconds": 0.702,
    "timestamp": "2025-10-02T16:10:46.743097Z",
    "count": 11,
    "vulnerability_type": "field_suggestions",
    "response_body": {
      "errors": [
        {
          "message": "Cannot query field \"nme\" on type \"Country\". Did you mean \"name\"?",
          "locations": [
            {
              "line": 3,
              "column": 5
            }
          ],
          "extensions": {
            "code": "GRAPHQL_VALIDATION_FAILED"
          }
        }
      ]
    },
    "success": false,
    "negative_success": false
  }
]