[
  {
    "source": "query",
    "query_name": "continent",
    "node_type": "Continent",
    "record": {
      "code": "EU",
      "name": "Europe",
      "countries": [
        {
          "languages": [
            {
              "code": "ca",
              "name": "Catalan"
            }
          ],
          "name": "Andorra"
        },
        {
          "languages": [
            {
              "code": "sq",
              "name": "Albanian"
            }
          ],
          "name": "Albania"
        },
        {
          "languages": [
            {
              "code": "de",
              "name": "German"
            }
          ],
          "name": "Austria"
        },
        {
          "languages": [
            {
              "code": "sv",
              "name": "Swedish"
            }
          ],
          "name": "\u00c5land"
        },
        {
          "languages": [
            {
              "code": "bs",
              "name": "Bosnian"
            },
            {
              "code": "hr",
              "name": "Croatian"
            },
            {
              "code": "sr",
              "name": "Serbian"
            }
          ],
          "name": "Bosnia and Herzegovina"
        },
        {
          "languages": [
            {
              "code": "nl",
              "name": "Dutch"
            },
            {
              "code": "fr",
              "name": "French"
            },
            {
              "code": "de",
              "name": "German"
            }
          ],
          "name": "Belgium"
        },
        {
          "languages": [
            {
              "code": "bg",
              "name": "Bulgarian"
            }
          ],
          "name": "Bulgaria"
        },
        {
          "languages": [
            {
              "code": "be",
              "name": "Belarusian"
            },
            {
              "code": "ru",
              "name": "Russian"
            }
          ],
          "name": "Belarus"
        },
        {
          "languages": [
            {
              "code": "de",
              "name": "German"
            },
            {
              "code": "fr",
              "name": "French"
            },
            {
              "code": "it",
              "name": "Italian"
            }
          ],
          "name": "Switzerland"
        },
        {
          "languages": [
            {
              "code": "el",
              "name": "Greek"
            },
            {
              "code": "tr",
              "name": "Turkish"
            },
            {
              "code": "hy",
              "name": "Armenian"
            }
          ],
          "name": "Cyprus"
        },
        {
          "languages": [
            {
              "code": "cs",
              "name": "Czech"
            },
            {
              "code": "sk",
              "name": "Slovak"
            }
          ],
          "name": "Czech Republic"
        },
        {
          "languages": [
            {
              "code": "de",
              "name": "German"
            }
          ],
          "name": "Germany"
        },
        {
          "languages": [
            {
              "code": "da",
              "name": "Danish"
            }
          ],
          "name": "Denmark"
        },
        {
          "languages": [
            {
              "code": "et",
              "name": "Estonian"
            }
          ],
          "name": "Estonia"
        },
        {
          "languages": [
            {
              "code": "es",
              "name": "Spanish"
            },
            {
              "code": "eu",
              "name": "Basque"
            },
            {
              "code": "ca",
              "name": "Catalan"
            },
            {
              "code": "gl",
              "name": "Galician"
            },
            {
              "code": "oc",
              "name": "Occitan"
            }
          ],
          "name": "Spain"
        },
        {
          "languages": [
            {
              "code": "fi",
              "name": "Finnish"
            },
            {
              "code": "sv",
              "name": "Swedish"
            }
          ],
          "name": "Finland"
        },
        {
          "languages": [
            {
              "code": "fo",
              "name": "Faroese"
            }
          ],
          "name": "Faroe Islands"
        },
        {
          "languages": [
            {
              "code": "fr",
              "name": "French"
            }
          ],
          "name": "France"
        },
        {
          "languages": [
            {
              "code": "en",
              "name": "English"
            }
          ],
          "name": "United Kingdom"
        },
        {
          "languages": [
            {
              "code": "en",
              "name": "English"
            },
            {
              "code": "fr",
              "name": "French"
            }
          ],
          "name": "Guernsey"
        },
        {
          "languages": [
            {
              "code": "en",
              "name": "English"
            }
          ],
          "name": "Gibraltar"
        },
        {
          "languages": [
            {
              "code": "el",
              "name": "Greek"
            }
          ],
          "name": "Greece"
        },
        {
          "languages": [
            {
              "code": "hr",
              "name": "Croatian"
            }
          ],
          "name": "Croatia"
        },
        {
          "languages": [
            {
              "code": "hu",
              "name": "Hungarian"
            }
          ],
          "name": "Hungary"
        },
        {
          "languages": [
            {
              "code": "ga",
              "name": "Irish"
            },
            {
              "code": "en",
              "name": "English"
            }
          ],
          "name": "Ireland"
        },
        {
          "languages": [
            {
              "code": "en",
              "name": "English"
            },
            {
              "code": "gv",
              "name": "Manx"
            }
          ],
          "name": "Isle of Man"
        },
        {
          "languages": [
            {
              "code": "is",
              "name": "Icelandic"
            }
          ],
          "name": "Iceland"
        },
        {
          "languages": [
            {
              "code": "it",
              "name": "Italian"
            }
          ],
          "name": "Italy"
        },
        {
          "languages": [
            {
              "code": "en",
              "name": "English"
            },
            {
              "code": "fr",
              "name": "French"
            }
          ],
          "name": "Jersey"
        },
        {
          "languages": [
            {
              "code": "de",
              "name": "German"
            }
          ],
          "name": "Liechtenstein"
        },
        {
          "languages": [
            {
              "code": "lt",
              "name": "Lithuanian"
            }
          ],
          "name": "Lithuania"
        },
        {
          "languages": [
            {
              "code": "fr",
              "name": "French"
            },
            {
              "code": "de",
              "name": "German"
            },
            {
              "code": "lb",
              "name": "Luxembourgish"
            }
          ],
          "name": "Luxembourg"
        },
        {
          "languages": [
            {
              "code": "lv",
              "name": "Latvian"
            }
          ],
          "name": "Latvia"
        },
        {
          "languages": [
            {
              "code": "fr",
              "name": "French"
            }
          ],
          "name": "Monaco"
        },
        {
          "languages": [
            {
              "code": "ro",
              "name": "Romanian"
            }
          ],
          "name": "Moldova"
        },
        {
          "languages": [
            {
              "code": "sr",
              "name": "Serbian"
            },
            {
              "code": "bs",
              "name": "Bosnian"
            },
            {
              "code": "sq",
              "name": "Albanian"
            },
            {
              "code": "hr",
              "name": "Croatian"
            }
          ],
          "name": "Montenegro"
        },
        {
          "languages": [
            {
              "code": "mk",
              "name": "Macedonian"
            }
          ],
          "name": "North Macedonia"
        },
        {
          "languages": [
            {
              "code": "mt",
              "name": "Maltese"
            },
            {
              "code": "en",
              "name": "English"
            }
          ],
          "name": "Malta"
        },
        {
          "languages": [
            {
              "code": "nl",
              "name": "Dutch"
            }
          ],
          "name": "Netherlands"
        },
        {
          "languages": [
            {
              "code": "no",
              "name": "Norwegian"
            },
            {
              "code": "nb",
              "name": "Norwegian Bokm\u00e5l"
            },
            {
              "code": "nn",
              "name": "Norwegian Nynorsk"
            }
          ],
          "name": "Norway"
        },
        {
          "languages": [
            {
              "code": "pl",
              "name": "Polish"
            }
          ],
          "name": "Poland"
        },
        {
          "languages": [
            {
              "code": "pt",
              "name": "Portuguese"
            }
          ],
          "name": "Portugal"
        },
        {
          "languages": [
            {
              "code": "ro",
              "name": "Romanian"
            }
          ],
          "name": "Romania"
        },
        {
          "languages": [
            {
              "code": "sr",
              "name": "Serbian"
            }
          ],
          "name": "Serbia"
        },
        {
          "languages": [
            {
              "code": "ru",
              "name": "Russian"
            }
          ],
          "name": "Russia"
        },
        {
          "languages": [
            {
              "code": "sv",
              "name": "Swedish"
            }
          ],
          "name": "Sweden"
        },
        {
          "languages": [
            {
              "code": "sl",
              "name": "Slovenian"
            }
          ],
          "name": "Slovenia"
        },
        {
          "languages": [
            {
              "code": "no",
              "name": "Norwegian"
            }
          ],
          "name": "Svalbard and Jan Mayen"
        },
        {
          "languages": [
            {
              "code": "sk",
              "name": "Slovak"
            }
          ],
          "name": "Slovakia"
        },
        {
          "languages": [
            {
              "code": "it",
              "name": "Italian"
            }
          ],
          "name": "San Marino"
        },
        {
          "languages": [
            {
              "code": "uk",
              "name": "Ukrainian"
            }
          ],
          "name": "Ukraine"
        },
        {
          "languages": [
            {
              "code": "it",
              "name": "Italian"
            },
            {
              "code": "la",
              "name": "Latin"
            }
          ],
          "name": "Vatican City"
        },
        {
          "languages": [
            {
              "code": "sq",
              "name": "Albanian"
            },
            {
              "code": "sr",
              "name": "Serbian"
            }
          ],
          "name": "Kosovo"
        }
      ]
    },
    "text": "GraphQL source: query\nQuery: continent\nNode Type: Continent\n\nFields:\n- code: EU\n- name: Europe\n- countries: [{'languages': [{'code': 'ca', 'name': 'Catalan'}], 'name': 'Andorra'}, {'languages': [{'code': 'sq', 'name': 'Albanian'}], 'name': 'Albania'}, {'languages': [{'code': 'de', 'name': 'German'}], 'name': 'Austria'}, {'languages': [{'code': 'sv', 'name': 'Swedish'}], 'name': '\u00c5land'}, {'languages': [{'code': 'bs', 'name': 'Bosnian'}, {'code': 'hr', 'name': 'Croatian'}, {'code': 'sr', 'name': 'Serbian'}], 'name': 'Bosnia and Herzegovina'}, {'languages': [{'code': 'nl', 'name': 'Dutch'}, {'code': 'fr', 'name': 'French'}, {'code': 'de', 'name': 'German'}], 'name': 'Belgium'}, {'languages': [{'code': 'bg', 'name': 'Bulgarian'}], 'name': 'Bulgaria'}, {'languages': [{'code': 'be', 'name': 'Belarusian'}, {'code': 'ru', 'name': 'Russian'}], 'name': 'Belarus'}, {'languages': [{'code': 'de', 'name': 'German'}, {'code': 'fr', 'name': 'French'}, {'code': 'it', 'name': 'Italian'}], 'name': 'Switzerland'}, {'languages': [{'code': 'el', 'name': 'Greek'}, {'code': 'tr', 'name': 'Turkish'}, {'code': 'hy', 'name': 'Armenian'}], 'name': 'Cyprus'}, {'languages': [{'code': 'cs', 'name': 'Czech'}, {'code': 'sk', 'name': 'Slovak'}], 'name': 'Czech Republic'}, {'languages': [{'code': 'de', 'name': 'German'}], 'name': 'Germany'}, {'languages': [{'code': 'da', 'name': 'Danish'}], 'name': 'Denmark'}, {'languages': [{'code': 'et', 'name': 'Estonian'}], 'name': 'Estonia'}, {'languages': [{'code': 'es', 'name': 'Spanish'}, {'code': 'eu', 'name': 'Basque'}, {'code': 'ca', 'name': 'Catalan'}, {'code': 'gl', 'name': 'Galician'}, {'code': 'oc', 'name': 'Occitan'}], 'name': 'Spain'}, {'languages': [{'code': 'fi', 'name': 'Finnish'}, {'code': 'sv', 'name': 'Swedish'}], 'name': 'Finland'}, {'languages': [{'code': 'fo', 'name': 'Faroese'}], 'name': 'Faroe Islands'}, {'languages': [{'code': 'fr', 'name': 'French'}], 'name': 'France'}, {'languages': [{'code': 'en', 'name': 'English'}], 'name': 'United Kingdom'}, {'languages': [{'code': 'en', 'name': 'English'}, {'code': 'fr', 'name': 'French'}], 'name': 'Guernsey'}, {'languages': [{'code': 'en', 'name': 'English'}], 'name': 'Gibraltar'}, {'languages': [{'code': 'el', 'name': 'Greek'}], 'name': 'Greece'}, {'languages': [{'code': 'hr', 'name': 'Croatian'}], 'name': 'Croatia'}, {'languages': [{'code': 'hu', 'name': 'Hungarian'}], 'name': 'Hungary'}, {'languages': [{'code': 'ga', 'name': 'Irish'}, {'code': 'en', 'name': 'English'}], 'name': 'Ireland'}, {'languages': [{'code': 'en', 'name': 'English'}, {'code': 'gv', 'name': 'Manx'}], 'name': 'Isle of Man'}, {'languages': [{'code': 'is', 'name': 'Icelandic'}], 'name': 'Iceland'}, {'languages': [{'code': 'it', 'name': 'Italian'}], 'name': 'Italy'}, {'languages': [{'code': 'en', 'name': 'English'}, {'code': 'fr', 'name': 'French'}], 'name': 'Jersey'}, {'languages': [{'code': 'de', 'name': 'German'}], 'name': 'Liechtenstein'}, {'languages': [{'code': 'lt', 'name': 'Lithuanian'}], 'name': 'Lithuania'}, {'languages': [{'code': 'fr', 'name': 'French'}, {'code': 'de', 'name': 'German'}, {'code': 'lb', 'name': 'Luxembourgish'}], 'name': 'Luxembourg'}, {'languages': [{'code': 'lv', 'name': 'Latvian'}], 'name': 'Latvia'}, {'languages': [{'code': 'fr', 'name': 'French'}], 'name': 'Monaco'}, {'languages': [{'code': 'ro', 'name': 'Romanian'}], 'name': 'Moldova'}, {'languages': [{'code': 'sr', 'name': 'Serbian'}, {'code': 'bs', 'name': 'Bosnian'}, {'code': 'sq', 'name': 'Albanian'}, {'code': 'hr', 'name': 'Croatian'}], 'name': 'Montenegro'}, {'languages': [{'code': 'mk', 'name': 'Macedonian'}], 'name': 'North Macedonia'}, {'languages': [{'code': 'mt', 'name': 'Maltese'}, {'code': 'en', 'name': 'English'}], 'name': 'Malta'}, {'languages': [{'code': 'nl', 'name': 'Dutch'}], 'name': 'Netherlands'}, {'languages': [{'code': 'no', 'name': 'Norwegian'}, {'code': 'nb', 'name': 'Norwegian Bokm\u00e5l'}, {'code': 'nn', 'name': 'Norwegian Nynorsk'}], 'name': 'Norway'}, {'languages': [{'code': 'pl', 'name': 'Polish'}], 'name': 'Poland'}, {'languages': [{'code': 'pt', 'name': 'Portuguese'}], 'name': 'Portugal'}, {'languages': [{'code': 'ro', 'name': 'Romanian'}], 'name': 'Romania'}, {'languages': [{'code': 'sr', 'name': 'Serbian'}], 'name': 'Serbia'}, {'languages': [{'code': 'ru', 'name': 'Russian'}], 'name': 'Russia'}, {'languages': [{'code': 'sv', 'name': 'Swedish'}], 'name': 'Sweden'}, {'languages': [{'code': 'sl', 'name': 'Slovenian'}], 'name': 'Slovenia'}, {'languages': [{'code': 'no', 'name': 'Norwegian'}], 'name': 'Svalbard and Jan Mayen'}, {'languages': [{'code': 'sk', 'name': 'Slovak'}], 'name': 'Slovakia'}, {'languages': [{'code': 'it', 'name': 'Italian'}], 'name': 'San Marino'}, {'languages': [{'code': 'uk', 'name': 'Ukrainian'}], 'name': 'Ukraine'}, {'languages': [{'code': 'it', 'name': 'Italian'}, {'code': 'la', 'name': 'Latin'}], 'name': 'Vatican City'}, {'languages': [{'code': 'sq', 'name': 'Albanian'}, {'code': 'sr', 'name': 'Serbian'}], 'name': 'Kosovo'}]"
  },
  {
    "source": "query",
    "query_name": "continents",
    "node_type": "Continent",
    "record": {
      "code": "AF",
      "name": "Africa",
      "countries": [
        {
          "code": "AO",
          "capital": "Luanda",
          "name": "Angola"
        },
        {
          "code": "BF",
          "capital": "Ouagadougou",
          "name": "Burkina Faso"
        },
        {
          "code": "BI",
          "capital": "Bujumbura",
          "name": "Burundi"
        },
        {
          "code": "BJ",
          "capital": "Porto-Novo",
          "name": "Benin"
        },
        {
          "code": "BW",
          "capital": "Gaborone",
          "name": "Botswana"
        },
        {
          "code": "CD",
          "capital": "Kinshasa",
          "name": "Democratic Republic of the Congo"
        },
        {
          "code": "CF",
          "capital": "Bangui",
          "name": "Central African Republic"
        },
        {
          "code": "CG",
          "capital": "Brazzaville",
          "name": "Republic of the Congo"
        },
        {
          "code": "CI",
          "capital": "Yamoussoukro",
          "name": "Ivory Coast"
        },
        {
          "code": "CM",
          "capital": "Yaound\u00e9",
          "name": "Cameroon"
        },
        {
          "code": "CV",
          "capital": "Praia",
          "name": "Cape Verde"
        },
        {
          "code": "DJ",
          "capital": "Djibouti",
          "name": "Djibouti"
        },
        {
          "code": "DZ",
          "capital": "Algiers",
          "name": "Algeria"
        },
        {
          "code": "EG",
          "capital": "Cairo",
          "name": "Egypt"
        },
        {
          "code": "EH",
          "capital": "El Aai\u00fan",
          "name": "Western Sahara"
        },
        {
          "code": "ER",
          "capital": "Asmara",
          "name": "Eritrea"
        },
        {
          "code": "ET",
          "capital": "Addis Ababa",
          "name": "Ethiopia"
        },
        {
          "code": "GA",
          "capital": "Libreville",
          "name": "Gabon"
        },
        {
          "code": "GH",
          "capital": "Accra",
          "name": "Ghana"
        },
        {
          "code": "GM",
          "capital": "Banjul",
          "name": "Gambia"
        },
        {
          "code": "GN",
          "capital": "Conakry",
          "name": "Guinea"
        },
        {
          "code": "GQ",
          "capital": "Malabo",
          "name": "Equatorial Guinea"
        },
        {
          "code": "GW",
          "capital": "Bissau",
          "name": "Guinea-Bissau"
        },
        {
          "code": "KE",
          "capital": "Nairobi",
          "name": "Kenya"
        },
        {
          "code": "KM",
          "capital": "Moroni",
          "name": "Comoros"
        },
        {
          "code": "LR",
          "capital": "Monrovia",
          "name": "Liberia"
        },
        {
          "code": "LS",
          "capital": "Maseru",
          "name": "Lesotho"
        },
        {
          "code": "LY",
          "capital": "Tripoli",
          "name": "Libya"
        },
        {
          "code": "MA",
          "capital": "Rabat",
          "name": "Morocco"
        },
        {
          "code": "MG",
          "capital": "Antananarivo",
          "name": "Madagascar"
        },
        {
          "code": "ML",
          "capital": "Bamako",
          "name": "Mali"
        },
        {
          "code": "MR",
          "capital": "Nouakchott",
          "name": "Mauritania"
        },
        {
          "code": "MU",
          "capital": "Port Louis",
          "name": "Mauritius"
        },
        {
          "code": "MW",
          "capital": "Lilongwe",
          "name": "Malawi"
        },
        {
          "code": "MZ",
          "capital": "Maputo",
          "name": "Mozambique"
        },
        {
          "code": "NA",
          "capital": "Windhoek",
          "name": "Namibia"
        },
        {
          "code": "NE",
          "capital": "Niamey",
          "name": "Niger"
        },
        {
          "code": "NG",
          "capital": "Abuja",
          "name": "Nigeria"
        },
        {
          "code": "RE",
          "capital": "Saint-Denis",
          "name": "R\u00e9union"
        },
        {
          "code": "RW",
          "capital": "Kigali",
          "name": "Rwanda"
        },
        {
          "code": "SC",
          "capital": "Victoria",
          "name": "Seychelles"
        },
        {
          "code": "SD",
          "capital": "Khartoum",
          "name": "Sudan"
        },
        {
          "code": "SH",
          "capital": "Jamestown",
          "name": "Saint Helena"
        },
        {
          "code": "SL",
          "capital": "Freetown",
          "name": "Sierra Leone"
        },
        {
          "code": "SN",
          "capital": "Dakar",
          "name": "Senegal"
        },
        {
          "code": "SO",
          "capital": "Mogadishu",
          "name": "Somalia"
        },
        {
          "code": "SS",
          "capital": "Juba",
          "name": "South Sudan"
        },
        {
          "code": "ST",
          "capital": "S\u00e3o Tom\u00e9",
          "name": "S\u00e3o Tom\u00e9 and Pr\u00edncipe"
        },
        {
          "code": "SZ",
          "capital": "Lobamba",
          "name": "Swaziland"
        },
        {
          "code": "TD",
          "capital": "N'Djamena",
          "name": "Chad"
        },
        {
          "code": "TG",
          "capital": "Lom\u00e9",
          "name": "Togo"
        },
        {
          "code": "TN",
          "capital": "Tunis",
          "name": "Tunisia"
        },
        {
          "code": "TZ",
          "capital": "Dodoma",
          "name": "Tanzania"
        },
        {
          "code": "UG",
          "capital": "Kampala",
          "name": "Uganda"
        },
        {
          "code": "YT",
          "capital": "Mamoudzou",
          "name": "Mayotte"
        },
        {
          "code": "ZA",
          "capital": "Pretoria",
          "name": "South Africa"
        },
        {
          "code": "ZM",
          "capital": "Lusaka",
          "name": "Zambia"
        },
        {
          "code": "ZW",
          "capital": "Harare",
          "name": "Zimbabwe"
        }
      ]
    },
    "text": "GraphQL source: query\nQuery: continents\nNode Type: Continent\n\nFields:\n- code: AF\n- name: Africa\n- countries: [{'code': 'AO', 'capital': 'Luanda', 'name': 'Angola'}, {'code': 'BF', 'capital': 'Ouagadougou', 'name': 'Burkina Faso'}, {'code': 'BI', 'capital': 'Bujumbura', 'name': 'Burundi'}, {'code': 'BJ', 'capital': 'Porto-Novo', 'name': 'Benin'}, {'code': 'BW', 'capital': 'Gaborone', 'name': 'Botswana'}, {'code': 'CD', 'capital': 'Kinshasa', 'name': 'Democratic Republic of the Congo'}, {'code': 'CF', 'capital': 'Bangui', 'name': 'Central African Republic'}, {'code': 'CG', 'capital': 'Brazzaville', 'name': 'Republic of the Congo'}, {'code': 'CI', 'capital': 'Yamoussoukro', 'name': 'Ivory Coast'}, {'code': 'CM', 'capital': 'Yaound\u00e9', 'name': 'Cameroon'}, {'code': 'CV', 'capital': 'Praia', 'name': 'Cape Verde'}, {'code': 'DJ', 'capital': 'Djibouti', 'name': 'Djibouti'}, {'code': 'DZ', 'capital': 'Algiers', 'name': 'Algeria'}, {'code': 'EG', 'capital': 'Cairo', 'name': 'Egypt'}, {'code': 'EH', 'capital': 'El Aai\u00fan', 'name': 'Western Sahara'}, {'code': 'ER', 'capital': 'Asmara', 'name': 'Eritrea'}, {'code': 'ET', 'capital': 'Addis Ababa', 'name': 'Ethiopia'}, {'code': 'GA', 'capital': 'Libreville', 'name': 'Gabon'}, {'code': 'GH', 'capital': 'Accra', 'name': 'Ghana'}, {'code': 'GM', 'capital': 'Banjul', 'name': 'Gambia'}, {'code': 'GN', 'capital': 'Conakry', 'name': 'Guinea'}, {'code': 'GQ', 'capital': 'Malabo', 'name': 'Equatorial Guinea'}, {'code': 'GW', 'capital': 'Bissau', 'name': 'Guinea-Bissau'}, {'code': 'KE', 'capital': 'Nairobi', 'name': 'Kenya'}, {'code': 'KM', 'capital': 'Moroni', 'name': 'Comoros'}, {'code': 'LR', 'capital': 'Monrovia', 'name': 'Liberia'}, {'code': 'LS', 'capital': 'Maseru', 'name': 'Lesotho'}, {'code': 'LY', 'capital': 'Tripoli', 'name': 'Libya'}, {'code': 'MA', 'capital': 'Rabat', 'name': 'Morocco'}, {'code': 'MG', 'capital': 'Antananarivo', 'name': 'Madagascar'}, {'code': 'ML', 'capital': 'Bamako', 'name': 'Mali'}, {'code': 'MR', 'capital': 'Nouakchott', 'name': 'Mauritania'}, {'code': 'MU', 'capital': 'Port Louis', 'name': 'Mauritius'}, {'code': 'MW', 'capital': 'Lilongwe', 'name': 'Malawi'}, {'code': 'MZ', 'capital': 'Maputo', 'name': 'Mozambique'}, {'code': 'NA', 'capital': 'Windhoek', 'name': 'Namibia'}, {'code': 'NE', 'capital': 'Niamey', 'name': 'Niger'}, {'code': 'NG', 'capital': 'Abuja', 'name': 'Nigeria'}, {'code': 'RE', 'capital': 'Saint-Denis', 'name': 'R\u00e9union'}, {'code': 'RW', 'capital': 'Kigali', 'name': 'Rwanda'}, {'code': 'SC', 'capital': 'Victoria', 'name': 'Seychelles'}, {'code': 'SD', 'capital': 'Khartoum', 'name': 'Sudan'}, {'code': 'SH', 'capital': 'Jamestown', 'name': 'Saint Helena'}, {'code': 'SL', 'capital': 'Freetown', 'name': 'Sierra Leone'}, {'code': 'SN', 'capital': 'Dakar', 'name': 'Senegal'}, {'code': 'SO', 'capital': 'Mogadishu', 'name': 'Somalia'}, {'code': 'SS', 'capital': 'Juba', 'name': 'South Sudan'}, {'code': 'ST', 'capital': 'S\u00e3o Tom\u00e9', 'name': 'S\u00e3o Tom\u00e9 and Pr\u00edncipe'}, {'code': 'SZ', 'capital': 'Lobamba', 'name': 'Swaziland'}, {'code': 'TD', 'capital': \"N'Djamena\", 'name': 'Chad'}, {'code': 'TG', 'capital': 'Lom\u00e9', 'name': 'Togo'}, {'code': 'TN', 'capital': 'Tunis', 'name': 'Tunisia'}, {'code': 'TZ', 'capital': 'Dodoma', 'name': 'Tanzania'}, {'code': 'UG', 'capital': 'Kampala', 'name': 'Uganda'}, {'code': 'YT', 'capital': 'Mamoudzou', 'name': 'Mayotte'}, {'code': 'ZA', 'capital': 'Pretoria', 'name': 'South Africa'}, {'code': 'ZM', 'capital': 'Lusaka', 'name': 'Zambia'}, {'code': 'ZW', 'capital': 'Harare', 'name': 'Zimbabwe'}]"
  },
  {
    "source": "query",
    "query_name": "continents",
    "node_type": "Continent",
    "record": {
      "code": "AN",
      "name": "Antarctica",
      "countries": [
        {
          "code": "AQ",
          "capital": null,
          "name": "Antarctica"
        },
        {
          "code": "BV",
          "capital": null,
          "name": "Bouvet Island"
        },
        {
          "code": "GS",
          "capital": "King Edward Point",
          "name": "South Georgia and the South Sandwich Islands"
        },
        {
          "code": "HM",
          "capital": null,
          "name": "Heard Island and McDonald Islands"
        },
        {
          "code": "TF",
          "capital": "Port-aux-Fran\u00e7ais",
          "name": "French Southern Territories"
        }
      ]
    },
    "text": "GraphQL source: query\nQuery: continents\nNode Type: Continent\n\nFields:\n- code: AN\n- name: Antarctica\n- countries: [{'code': 'AQ', 'capital': None, 'name': 'Antarctica'}, {'code': 'BV', 'capital': None, 'name': 'Bouvet Island'}, {'code': 'GS', 'capital': 'King Edward Point', 'name': 'South Georgia and the South Sandwich Islands'}, {'code': 'HM', 'capital': None, 'name': 'Heard Island and McDonald Islands'}, {'code': 'TF', 'capital': 'Port-aux-Fran\u00e7ais', 'name': 'French Southern Territories'}]"
  },
  {
    "source": "query",
    "query_name": "continents",
    "node_type": "Continent",
    "record": {
      "code": "AS",
      "name": "Asia",
      "countries": [
        {
          "code": "AE",
          "capital": "Abu Dhabi",
          "name": "United Arab Emirates"
        },
        {
          "code": "AF",
          "capital": "Kabul",
          "name": "Afghanistan"
        },
        {
          "code": "AM",
          "capital": "Yerevan",
          "name": "Armenia"
        },
        {
          "code": "AZ",
          "capital": "Baku",
          "name": "Azerbaijan"
        },
        {
          "code": "BD",
          "capital": "Dhaka",
          "name": "Bangladesh"
        },
        {
          "code": "BH",
          "capital": "Manama",
          "name": "Bahrain"
        },
        {
          "code": "BN",
          "capital": "Bandar Seri Begawan",
          "name": "Brunei"
        },
        {
          "code": "BT",
          "capital": "Thimphu",
          "name": "Bhutan"
        },
        {
          "code": "CC",
          "capital": "West Island",
          "name": "Cocos [Keeling] Islands"
        },
        {
          "code": "CN",
          "capital": "Beijing",
          "name": "China"
        },
        {
          "code": "CX",
          "capital": "Flying Fish Cove",
          "name": "Christmas Island"
        },
        {
          "code": "GE",
          "capital": "Tbilisi",
          "name": "Georgia"
        },
        {
          "code": "HK",
          "capital": "City of Victoria",
          "name": "Hong Kong"
        },
        {
          "code": "ID",
          "capital": "Jakarta",
          "name": "Indonesia"
        },
        {
          "code": "IL",
          "capital": "Jerusalem",
          "name": "Israel"
        },
        {
          "code": "IN",
          "capital": "New Delhi",
          "name": "India"
        },
        {
          "code": "IO",
          "capital": "Diego Garcia",
          "name": "British Indian Ocean Territory"
        },
        {
          "code": "IQ",
          "capital": "Baghdad",
          "name": "Iraq"
        },
        {
          "code": "IR",
          "capital": "Tehran",
          "name": "Iran"
        },
        {
          "code": "JO",
          "capital": "Amman",
          "name": "Jordan"
        },
        {
          "code": "JP",
          "capital": "Tokyo",
          "name": "Japan"
        },
        {
          "code": "KG",
          "capital": "Bishkek",
          "name": "Kyrgyzstan"
        },
        {
          "code": "KH",
          "capital": "Phnom Penh",
          "name": "Cambodia"
        },
        {
          "code": "KP",
          "capital": "Pyongyang",
          "name": "North Korea"
        },
        {
          "code": "KR",
          "capital": "Seoul",
          "name": "South Korea"
        },
        {
          "code": "KW",
          "capital": "Kuwait City",
          "name": "Kuwait"
        },
        {
          "code": "KZ",
          "capital": "Astana",
          "name": "Kazakhstan"
        },
        {
          "code": "LA",
          "capital": "Vientiane",
          "name": "Laos"
        },
        {
          "code": "LB",
          "capital": "Beirut",
          "name": "Lebanon"
        },
        {
          "code": "LK",
          "capital": "Colombo",
          "name": "Sri Lanka"
        },
        {
          "code": "MM",
          "capital": "Naypyidaw",
          "name": "Myanmar [Burma]"
        },
        {
          "code": "MN",
          "capital": "Ulan Bator",
          "name": "Mongolia"
        },
        {
          "code": "MO",
          "capital": null,
          "name": "Macao"
        },
        {
          "code": "MV",
          "capital": "Mal\u00e9",
          "name": "Maldives"
        },
        {
          "code": "MY",
          "capital": "Kuala Lumpur",
          "name": "Malaysia"
        },
        {
          "code": "NP",
          "capital": "Kathmandu",
          "name": "Nepal"
        },
        {
          "code": "OM",
          "capital": "Muscat",
          "name": "Oman"
        },
        {
          "code": "PH",
          "capital": "Manila",
          "name": "Philippines"
        },
        {
          "code": "PK",
          "capital": "Islamabad",
          "name": "Pakistan"
        },
        {
          "code": "PS",
          "capital": "Ramallah",
          "name": "Palestine"
        },
        {
          "code": "QA",
          "capital": "Doha",
          "name": "Qatar"
        },
        {
          "code": "SA",
          "capital": "Riyadh",
          "name": "Saudi Arabia"
        },
        {
          "code": "SG",
          "capital": "Singapore",
          "name": "Singapore"
        },
        {
          "code": "SY",
          "capital": "Damascus",
          "name": "Syria"
        },
        {
          "code": "TH",
          "capital": "Bangkok",
          "name": "Thailand"
        },
        {
          "code": "TJ",
          "capital": "Dushanbe",
          "name": "Tajikistan"
        },
        {
          "code": "TM",
          "capital": "Ashgabat",
          "name": "Turkmenistan"
        },
        {
          "code": "TR",
          "capital": "Ankara",
          "name": "Turkey"
        },
        {
          "code": "TW",
          "capital": "Taipei",
          "name": "Taiwan"
        },
        {
          "code": "UZ",
          "capital": "Tashkent",
          "name": "Uzbekistan"
        },
        {
          "code": "VN",
          "capital": "Hanoi",
          "name": "Vietnam"
        },
        {
          "code": "YE",
          "capital": "Sana'a",
          "name": "Yemen"
        }
      ]
    },
    "text": "GraphQL source: query\nQuery: continents\nNode Type: Continent\n\nFields:\n- code: AS\n- name: Asia\n- countries: [{'code': 'AE', 'capital': 'Abu Dhabi', 'name': 'United Arab Emirates'}, {'code': 'AF', 'capital': 'Kabul', 'name': 'Afghanistan'}, {'code': 'AM', 'capital': 'Yerevan', 'name': 'Armenia'}, {'code': 'AZ', 'capital': 'Baku', 'name': 'Azerbaijan'}, {'code': 'BD', 'capital': 'Dhaka', 'name': 'Bangladesh'}, {'code': 'BH', 'capital': 'Manama', 'name': 'Bahrain'}, {'code': 'BN', 'capital': 'Bandar Seri Begawan', 'name': 'Brunei'}, {'code': 'BT', 'capital': 'Thimphu', 'name': 'Bhutan'}, {'code': 'CC', 'capital': 'West Island', 'name': 'Cocos [Keeling] Islands'}, {'code': 'CN', 'capital': 'Beijing', 'name': 'China'}, {'code': 'CX', 'capital': 'Flying Fish Cove', 'name': 'Christmas Island'}, {'code': 'GE', 'capital': 'Tbilisi', 'name': 'Georgia'}, {'code': 'HK', 'capital': 'City of Victoria', 'name': 'Hong Kong'}, {'code': 'ID', 'capital': 'Jakarta', 'name': 'Indonesia'}, {'code': 'IL', 'capital': 'Jerusalem', 'name': 'Israel'}, {'code': 'IN', 'capital': 'New Delhi', 'name': 'India'}, {'code': 'IO', 'capital': 'Diego Garcia', 'name': 'British Indian Ocean Territory'}, {'code': 'IQ', 'capital': 'Baghdad', 'name': 'Iraq'}, {'code': 'IR', 'capital': 'Tehran', 'name': 'Iran'}, {'code': 'JO', 'capital': 'Amman', 'name': 'Jordan'}, {'code': 'JP', 'capital': 'Tokyo', 'name': 'Japan'}, {'code': 'KG', 'capital': 'Bishkek', 'name': 'Kyrgyzstan'}, {'code': 'KH', 'capital': 'Phnom Penh', 'name': 'Cambodia'}, {'code': 'KP', 'capital': 'Pyongyang', 'name': 'North Korea'}, {'code': 'KR', 'capital': 'Seoul', 'name': 'South Korea'}, {'code': 'KW', 'capital': 'Kuwait City', 'name': 'Kuwait'}, {'code': 'KZ', 'capital': 'Astana', 'name': 'Kazakhstan'}, {'code': 'LA', 'capital': 'Vientiane', 'name': 'Laos'}, {'code': 'LB', 'capital': 'Beirut', 'name': 'Lebanon'}, {'code': 'LK', 'capital': 'Colombo', 'name': 'Sri Lanka'}, {'code': 'MM', 'capital': 'Naypyidaw', 'name': 'Myanmar [Burma]'}, {'code': 'MN', 'capital': 'Ulan Bator', 'name': 'Mongolia'}, {'code': 'MO', 'capital': None, 'name': 'Macao'}, {'code': 'MV', 'capital': 'Mal\u00e9', 'name': 'Maldives'}, {'code': 'MY', 'capital': 'Kuala Lumpur', 'name': 'Malaysia'}, {'code': 'NP', 'capital': 'Kathmandu', 'name': 'Nepal'}, {'code': 'OM', 'capital': 'Muscat', 'name': 'Oman'}, {'code': 'PH', 'capital': 'Manila', 'name': 'Philippines'}, {'code': 'PK', 'capital': 'Islamabad', 'name': 'Pakistan'}, {'code': 'PS', 'capital': 'Ramallah', 'name': 'Palestine'}, {'code': 'QA', 'capital': 'Doha', 'name': 'Qatar'}, {'code': 'SA', 'capital': 'Riyadh', 'name': 'Saudi Arabia'}, {'code': 'SG', 'capital': 'Singapore', 'name': 'Singapore'}, {'code': 'SY', 'capital': 'Damascus', 'name': 'Syria'}, {'code': 'TH', 'capital': 'Bangkok', 'name': 'Thailand'}, {'code': 'TJ', 'capital': 'Dushanbe', 'name': 'Tajikistan'}, {'code': 'TM', 'capital': 'Ashgabat', 'name': 'Turkmenistan'}, {'code': 'TR', 'capital': 'Ankara', 'name': 'Turkey'}, {'code': 'TW', 'capital': 'Taipei', 'name': 'Taiwan'}, {'code': 'UZ', 'capital': 'Tashkent', 'name': 'Uzbekistan'}, {'code': 'VN', 'capital': 'Hanoi', 'name': 'Vietnam'}, {'code': 'YE', 'capital': \"Sana'a\", 'name': 'Yemen'}]"
  },
  {
    "source": "query",
    "query_name": "continents",
    "node_type": "Continent",
    "record": {
      "code": "EU",
      "name": "Europe",
      "countries": [
        {
          "code": "AD",
          "capital": "Andorra la Vella",
          "name": "Andorra"
        },
        {
          "code": "AL",
          "capital": "Tirana",
          "name": "Albania"
        },
        {
          "code": "AT",
          "capital": "Vienna",
          "name": "Austria"
        },
        {
          "code": "AX",
          "capital": "Mariehamn",
          "name": "\u00c5land"
        },
        {
          "code": "BA",
          "capital": "Sarajevo",
          "name": "Bosnia and Herzegovina"
        },
        {
          "code": "BE",
          "capital": "Brussels",
          "name": "Belgium"
        },
        {
          "code": "BG",
          "capital": "Sofia",
          "name": "Bulgaria"
        },
        {
          "code": "BY",
          "capital": "Minsk",
          "name": "Belarus"
        },
        {
          "code": "CH",
          "capital": "Bern",
          "name": "Switzerland"
        },
        {
          "code": "CY",
          "capital": "Nicosia",
          "name": "Cyprus"
        },
        {
          "code": "CZ",
          "capital": "Prague",
          "name": "Czech Republic"
        },
        {
          "code": "DE",
          "capital": "Berlin",
          "name": "Germany"
        },
        {
          "code": "DK",
          "capital": "Copenhagen",
          "name": "Denmark"
        },
        {
          "code": "EE",
          "capital": "Tallinn",
          "name": "Estonia"
        },
        {
          "code": "ES",
          "capital": "Madrid",
          "name": "Spain"
        },
        {
          "code": "FI",
          "capital": "Helsinki",
          "name": "Finland"
        },
        {
          "code": "FO",
          "capital": "T\u00f3rshavn",
          "name": "Faroe Islands"
        },
        {
          "code": "FR",
          "capital": "Paris",
          "name": "France"
        },
        {
          "code": "GB",
          "capital": "London",
          "name": "United Kingdom"
        },
        {
          "code": "GG",
          "capital": "St. Peter Port",
          "name": "Guernsey"
        },
        {
          "code": "GI",
          "capital": "Gibraltar",
          "name": "Gibraltar"
        },
        {
          "code": "GR",
          "capital": "Athens",
          "name": "Greece"
        },
        {
          "code": "HR",
          "capital": "Zagreb",
          "name": "Croatia"
        },
        {
          "code": "HU",
          "capital": "Budapest",
          "name": "Hungary"
        },
        {
          "code": "IE",
          "capital": "Dublin",
          "name": "Ireland"
        },
        {
          "code": "IM",
          "capital": "Douglas",
          "name": "Isle of Man"
        },
        {
          "code": "IS",
          "capital": "Reykjavik",
          "name": "Iceland"
        },
        {
          "code": "IT",
          "capital": "Rome",
          "name": "Italy"
        },
        {
          "code": "JE",
          "capital": "Saint Helier",
          "name": "Jersey"
        },
        {
          "code": "LI",
          "capital": "Vaduz",
          "name": "Liechtenstein"
        },
        {
          "code": "LT",
          "capital": "Vilnius",
          "name": "Lithuania"
        },
        {
          "code": "LU",
          "capital": "Luxembourg",
          "name": "Luxembourg"
        },
        {
          "code": "LV",
          "capital": "Riga",
          "name": "Latvia"
        },
        {
          "code": "MC",
          "capital": "Monaco",
          "name": "Monaco"
        },
        {
          "code": "MD",
          "capital": "Chi\u0219in\u0103u",
          "name": "Moldova"
        },
        {
          "code": "ME",
          "capital": "Podgorica",
          "name": "Montenegro"
        },
        {
          "code": "MK",
          "capital": "Skopje",
          "name": "North Macedonia"
        },
        {
          "code": "MT",
          "capital": "Valletta",
          "name": "Malta"
        },
        {
          "code": "NL",
          "capital": "Amsterdam",
          "name": "Netherlands"
        },
        {
          "code": "NO",
          "capital": "Oslo",
          "name": "Norway"
        },
        {
          "code": "PL",
          "capital": "Warsaw",
          "name": "Poland"
        },
        {
          "code": "PT",
          "capital": "Lisbon",
          "name": "Portugal"
        },
        {
          "code": "RO",
          "capital": "Bucharest",
          "name": "Romania"
        },
        {
          "code": "RS",
          "capital": "Belgrade",
          "name": "Serbia"
        },
        {
          "code": "RU",
          "capital": "Moscow",
          "name": "Russia"
        },
        {
          "code": "SE",
          "capital": "Stockholm",
          "name": "Sweden"
        },
        {
          "code": "SI",
          "capital": "Ljubljana",
          "name": "Slovenia"
        },
        {
          "code": "SJ",
          "capital": "Longyearbyen",
          "name": "Svalbard and Jan Mayen"
        },
        {
          "code": "SK",
          "capital": "Bratislava",
          "name": "Slovakia"
        },
        {
          "code": "SM",
          "capital": "City of San Marino",
          "name": "San Marino"
        },
        {
          "code": "UA",
          "capital": "Kyiv",
          "name": "Ukraine"
        },
        {
          "code": "VA",
          "capital": "Vatican City",
          "name": "Vatican City"
        },
        {
          "code": "XK",
          "capital": "Pristina",
          "name": "Kosovo"
        }
      ]
    },
    "text": "GraphQL source: query\nQuery: continents\nNode Type: Continent\n\nFields:\n- code: EU\n- name: Europe\n- countries: [{'code': 'AD', 'capital': 'Andorra la Vella', 'name': 'Andorra'}, {'code': 'AL', 'capital': 'Tirana', 'name': 'Albania'}, {'code': 'AT', 'capital': 'Vienna', 'name': 'Austria'}, {'code': 'AX', 'capital': 'Mariehamn', 'name': '\u00c5land'}, {'code': 'BA', 'capital': 'Sarajevo', 'name': 'Bosnia and Herzegovina'}, {'code': 'BE', 'capital': 'Brussels', 'name': 'Belgium'}, {'code': 'BG', 'capital': 'Sofia', 'name': 'Bulgaria'}, {'code': 'BY', 'capital': 'Minsk', 'name': 'Belarus'}, {'code': 'CH', 'capital': 'Bern', 'name': 'Switzerland'}, {'code': 'CY', 'capital': 'Nicosia', 'name': 'Cyprus'}, {'code': 'CZ', 'capital': 'Prague', 'name': 'Czech Republic'}, {'code': 'DE', 'capital': 'Berlin', 'name': 'Germany'}, {'code': 'DK', 'capital': 'Copenhagen', 'name': 'Denmark'}, {'code': 'EE', 'capital': 'Tallinn', 'name': 'Estonia'}, {'code': 'ES', 'capital': 'Madrid', 'name': 'Spain'}, {'code': 'FI', 'capital': 'Helsinki', 'name': 'Finland'}, {'code': 'FO', 'capital': 'T\u00f3rshavn', 'name': 'Faroe Islands'}, {'code': 'FR', 'capital': 'Paris', 'name': 'France'}, {'code': 'GB', 'capital': 'London', 'name': 'United Kingdom'}, {'code': 'GG', 'capital': 'St. Peter Port', 'name': 'Guernsey'}, {'code': 'GI', 'capital': 'Gibraltar', 'name': 'Gibraltar'}, {'code': 'GR', 'capital': 'Athens', 'name': 'Greece'}, {'code': 'HR', 'capital': 'Zagreb', 'name': 'Croatia'}, {'code': 'HU', 'capital': 'Budapest', 'name': 'Hungary'}, {'code': 'IE', 'capital': 'Dublin', 'name': 'Ireland'}, {'code': 'IM', 'capital': 'Douglas', 'name': 'Isle of Man'}, {'code': 'IS', 'capital': 'Reykjavik', 'name': 'Iceland'}, {'code': 'IT', 'capital': 'Rome', 'name': 'Italy'}, {'code': 'JE', 'capital': 'Saint Helier', 'name': 'Jersey'}, {'code': 'LI', 'capital': 'Vaduz', 'name': 'Liechtenstein'}, {'code': 'LT', 'capital': 'Vilnius', 'name': 'Lithuania'}, {'code': 'LU', 'capital': 'Luxembourg', 'name': 'Luxembourg'}, {'code': 'LV', 'capital': 'Riga', 'name': 'Latvia'}, {'code': 'MC', 'capital': 'Monaco', 'name': 'Monaco'}, {'code': 'MD', 'capital': 'Chi\u0219in\u0103u', 'name': 'Moldova'}, {'code': 'ME', 'capital': 'Podgorica', 'name': 'Montenegro'}, {'code': 'MK', 'capital': 'Skopje', 'name': 'North Macedonia'}, {'code': 'MT', 'capital': 'Valletta', 'name': 'Malta'}, {'code': 'NL', 'capital': 'Amsterdam', 'name': 'Netherlands'}, {'code': 'NO', 'capital': 'Oslo', 'name': 'Norway'}, {'code': 'PL', 'capital': 'Warsaw', 'name': 'Poland'}, {'code': 'PT', 'capital': 'Lisbon', 'name': 'Portugal'}, {'code': 'RO', 'capital': 'Bucharest', 'name': 'Romania'}, {'code': 'RS', 'capital': 'Belgrade', 'name': 'Serbia'}, {'code': 'RU', 'capital': 'Moscow', 'name': 'Russia'}, {'code': 'SE', 'capital': 'Stockholm', 'name': 'Sweden'}, {'code': 'SI', 'capital': 'Ljubljana', 'name': 'Slovenia'}, {'code': 'SJ', 'capital': 'Longyearbyen', 'name': 'Svalbard and Jan Mayen'}, {'code': 'SK', 'capital': 'Bratislava', 'name': 'Slovakia'}, {'code': 'SM', 'capital': 'City of San Marino', 'name': 'San Marino'}, {'code': 'UA', 'capital': 'Kyiv', 'name': 'Ukraine'}, {'code': 'VA', 'capital': 'Vatican City', 'name': 'Vatican City'}, {'code': 'XK', 'capital': 'Pristina', 'name': 'Kosovo'}]"
  },
  {
    "source": "query",
    "query_name": "continents",
    "node_type": "Continent",
    "record": {
      "code": "NA",
      "name": "North America",
      "countries": [
        {
          "code": "AG",
          "capital": "Saint John's",
          "name": "Antigua and Barbuda"
        },
        {
          "code": "AI",
          "capital": "The Valley",
          "name": "Anguilla"
        },
        {
          "code": "AW",
          "capital": "Oranjestad",
          "name": "Aruba"
        },
        {
          "code": "BB",
          "capital": "Bridgetown",
          "name": "Barbados"
        },
        {
          "code": "BL",
          "capital": "Gustavia",
          "name": "Saint Barth\u00e9lemy"
        },
        {
          "code": "BM",
          "capital": "Hamilton",
          "name": "Bermuda"
        },
        {
          "code": "BQ",
          "capital": "Kralendijk",
          "name": "Bonaire"
        },
        {
          "code": "BS",
          "capital": "Nassau",
          "name": "Bahamas"
        },
        {
          "code": "BZ",
          "capital": "Belmopan",
          "name": "Belize"
        },
        {
          "code": "CA",
          "capital": "Ottawa",
          "name": "Canada"
        },
        {
          "code": "CR",
          "capital": "San Jos\u00e9",
          "name": "Costa Rica"
        },
        {
          "code": "CU",
          "capital": "Havana",
          "name": "Cuba"
        },
        {
          "code": "CW",
          "capital": "Willemstad",
          "name": "Curacao"
        },
        {
          "code": "DM",
          "capital": "Roseau",
          "name": "Dominica"
        },
        {
          "code": "DO",
          "capital": "Santo Domingo",
          "name": "Dominican Republic"
        },
        {
          "code": "GD",
          "capital": "St. George's",
          "name": "Grenada"
        },
        {
          "code": "GL",
          "capital": "Nuuk",
          "name": "Greenland"
        },
        {
          "code": "GP",
          "capital": "Basse-Terre",
          "name": "Guadeloupe"
        },
        {
          "code": "GT",
          "capital": "Guatemala City",
          "name": "Guatemala"
        },
        {
          "code": "HN",
          "capital": "Tegucigalpa",
          "name": "Honduras"
        },
        {
          "code": "HT",
          "capital": "Port-au-Prince",
          "name": "Haiti"
        },
        {
          "code": "JM",
          "capital": "Kingston",
          "name": "Jamaica"
        },
        {
          "code": "KN",
          "capital": "Basseterre",
          "name": "Saint Kitts and Nevis"
        },
        {
          "code": "KY",
          "capital": "George Town",
          "name": "Cayman Islands"
        },
        {
          "code": "LC",
          "capital": "Castries",
          "name": "Saint Lucia"
        },
        {
          "code": "MF",
          "capital": "Marigot",
          "name": "Saint Martin"
        },
        {
          "code": "MQ",
          "capital": "Fort-de-France",
          "name": "Martinique"
        },
        {
          "code": "MS",
          "capital": "Plymouth",
          "name": "Montserrat"
        },
        {
          "code": "MX",
          "capital": "Mexico City",
          "name": "Mexico"
        },
        {
          "code": "NI",
          "capital": "Managua",
          "name": "Nicaragua"
        },
        {
          "code": "PA",
          "capital": "Panama City",
          "name": "Panama"
        },
        {
          "code": "PM",
          "capital": "Saint-Pierre",
          "name": "Saint Pierre and Miquelon"
        },
        {
          "code": "PR",
          "capital": "San Juan",
          "name": "Puerto Rico"
        },
        {
          "code": "SV",
          "capital": "San Salvador",
          "name": "El Salvador"
        },
        {
          "code": "SX",
          "capital": "Philipsburg",
          "name": "Sint Maarten"
        },
        {
          "code": "TC",
          "capital": "Cockburn Town",
          "name": "Turks and Caicos Islands"
        },
        {
          "code": "TT",
          "capital": "Port of Spain",
          "name": "Trinidad and Tobago"
        },
        {
          "code": "US",
          "capital": "Washington D.C.",
          "name": "United States"
        },
        {
          "code": "VC",
          "capital": "Kingstown",
          "name": "Saint Vincent and the Grenadines"
        },
        {
          "code": "VG",
          "capital": "Road Town",
          "name": "British Virgin Islands"
        },
        {
          "code": "VI",
          "capital": "Charlotte Amalie",
          "name": "U.S. Virgin Islands"
        }
      ]
    },
    "text": "GraphQL source: query\nQuery: continents\nNode Type: Continent\n\nFields:\n- code: NA\n- name: North America\n- countries: [{'code': 'AG', 'capital': \"Saint John's\", 'name': 'Antigua and Barbuda'}, {'code': 'AI', 'capital': 'The Valley', 'name': 'Anguilla'}, {'code': 'AW', 'capital': 'Oranjestad', 'name': 'Aruba'}, {'code': 'BB', 'capital': 'Bridgetown', 'name': 'Barbados'}, {'code': 'BL', 'capital': 'Gustavia', 'name': 'Saint Barth\u00e9lemy'}, {'code': 'BM', 'capital': 'Hamilton', 'name': 'Bermuda'}, {'code': 'BQ', 'capital': 'Kralendijk', 'name': 'Bonaire'}, {'code': 'BS', 'capital': 'Nassau', 'name': 'Bahamas'}, {'code': 'BZ', 'capital': 'Belmopan', 'name': 'Belize'}, {'code': 'CA', 'capital': 'Ottawa', 'name': 'Canada'}, {'code': 'CR', 'capital': 'San Jos\u00e9', 'name': 'Costa Rica'}, {'code': 'CU', 'capital': 'Havana', 'name': 'Cuba'}, {'code': 'CW', 'capital': 'Willemstad', 'name': 'Curacao'}, {'code': 'DM', 'capital': 'Roseau', 'name': 'Dominica'}, {'code': 'DO', 'capital': 'Santo Domingo', 'name': 'Dominican Republic'}, {'code': 'GD', 'capital': \"St. George's\", 'name': 'Grenada'}, {'code': 'GL', 'capital': 'Nuuk', 'name': 'Greenland'}, {'code': 'GP', 'capital': 'Basse-Terre', 'name': 'Guadeloupe'}, {'code': 'GT', 'capital': 'Guatemala City', 'name': 'Guatemala'}, {'code': 'HN', 'capital': 'Tegucigalpa', 'name': 'Honduras'}, {'code': 'HT', 'capital': 'Port-au-Prince', 'name': 'Haiti'}, {'code': 'JM', 'capital': 'Kingston', 'name': 'Jamaica'}, {'code': 'KN', 'capital': 'Basseterre', 'name': 'Saint Kitts and Nevis'}, {'code': 'KY', 'capital': 'George Town', 'name': 'Cayman Islands'}, {'code': 'LC', 'capital': 'Castries', 'name': 'Saint Lucia'}, {'code': 'MF', 'capital': 'Marigot', 'name': 'Saint Martin'}, {'code': 'MQ', 'capital': 'Fort-de-France', 'name': 'Martinique'}, {'code': 'MS', 'capital': 'Plymouth', 'name': 'Montserrat'}, {'code': 'MX', 'capital': 'Mexico City', 'name': 'Mexico'}, {'code': 'NI', 'capital': 'Managua', 'name': 'Nicaragua'}, {'code': 'PA', 'capital': 'Panama City', 'name': 'Panama'}, {'code': 'PM', 'capital': 'Saint-Pierre', 'name': 'Saint Pierre and Miquelon'}, {'code': 'PR', 'capital': 'San Juan', 'name': 'Puerto Rico'}, {'code': 'SV', 'capital': 'San Salvador', 'name': 'El Salvador'}, {'code': 'SX', 'capital': 'Philipsburg', 'name': 'Sint Maarten'}, {'code': 'TC', 'capital': 'Cockburn Town', 'name': 'Turks and Caicos Islands'}, {'code': 'TT', 'capital': 'Port of Spain', 'name': 'Trinidad and Tobago'}, {'code': 'US', 'capital': 'Washington D.C.', 'name': 'United States'}, {'code': 'VC', 'capital': 'Kingstown', 'name': 'Saint Vincent and the Grenadines'}, {'code': 'VG', 'capital': 'Road Town', 'name': 'British Virgin Islands'}, {'code': 'VI', 'capital': 'Charlotte Amalie', 'name': 'U.S. Virgin Islands'}]"
  },
  {
    "source": "query",
    "query_name": "continents",
    "node_type": "Continent",
    "record": {
      "code": "OC",
      "name": "Oceania",
      "countries": [
        {
          "code": "AS",
          "capital": "Pago Pago",
          "name": "American Samoa"
        },
        {
          "code": "AU",
          "capital": "Canberra",
          "name": "Australia"
        },
        {
          "code": "CK",
          "capital": "Avarua",
          "name": "Cook Islands"
        },
        {
          "code": "FJ",
          "capital": "Suva",
          "name": "Fiji"
        },
        {
          "code": "FM",
          "capital": "Palikir",
          "name": "Micronesia"
        },
        {
          "code": "GU",
          "capital": "Hag\u00e5t\u00f1a",
          "name": "Guam"
        },
        {
          "code": "KI",
          "capital": "South Tarawa",
          "name": "Kiribati"
        },
        {
          "code": "MH",
          "capital": "Majuro",
          "name": "Marshall Islands"
        },
        {
          "code": "MP",
          "capital": "Saipan",
          "name": "Northern Mariana Islands"
        },
        {
          "code": "NC",
          "capital": "Noum\u00e9a",
          "name": "New Caledonia"
        },
        {
          "code": "NF",
          "capital": "Kingston",
          "name": "Norfolk Island"
        },
        {
          "code": "NR",
          "capital": "Yaren",
          "name": "Nauru"
        },
        {
          "code": "NU",
          "capital": "Alofi",
          "name": "Niue"
        },
        {
          "code": "NZ",
          "capital": "Wellington",
          "name": "New Zealand"
        },
        {
          "code": "PF",
          "capital": "Papeet\u0113",
          "name": "French Polynesia"
        },
        {
          "code": "PG",
          "capital": "Port Moresby",
          "name": "Papua New Guinea"
        },
        {
          "code": "PN",
          "capital": "Adamstown",
          "name": "Pitcairn Islands"
        },
        {
          "code": "PW",
          "capital": "Ngerulmud",
          "name": "Palau"
        },
        {
          "code": "SB",
          "capital": "Honiara",
          "name": "Solomon Islands"
        },
        {
          "code": "TK",
          "capital": "Fakaofo",
          "name": "Tokelau"
        },
        {
          "code": "TL",
          "capital": "Dili",
          "name": "East Timor"
        },
        {
          "code": "TO",
          "capital": "Nuku'alofa",
          "name": "Tonga"
        },
        {
          "code": "TV",
          "capital": "Funafuti",
          "name": "Tuvalu"
        },
        {
          "code": "UM",
          "capital": null,
          "name": "U.S. Minor Outlying Islands"
        },
        {
          "code": "VU",
          "capital": "Port Vila",
          "name": "Vanuatu"
        },
        {
          "code": "WF",
          "capital": "Mata-Utu",
          "name": "Wallis and Futuna"
        },
        {
          "code": "WS",
          "capital": "Apia",
          "name": "Samoa"
        }
      ]
    },
    "text": "GraphQL source: query\nQuery: continents\nNode Type: Continent\n\nFields:\n- code: OC\n- name: Oceania\n- countries: [{'code': 'AS', 'capital': 'Pago Pago', 'name': 'American Samoa'}, {'code': 'AU', 'capital': 'Canberra', 'name': 'Australia'}, {'code': 'CK', 'capital': 'Avarua', 'name': 'Cook Islands'}, {'code': 'FJ', 'capital': 'Suva', 'name': 'Fiji'}, {'code': 'FM', 'capital': 'Palikir', 'name': 'Micronesia'}, {'code': 'GU', 'capital': 'Hag\u00e5t\u00f1a', 'name': 'Guam'}, {'code': 'KI', 'capital': 'South Tarawa', 'name': 'Kiribati'}, {'code': 'MH', 'capital': 'Majuro', 'name': 'Marshall Islands'}, {'code': 'MP', 'capital': 'Saipan', 'name': 'Northern Mariana Islands'}, {'code': 'NC', 'capital': 'Noum\u00e9a', 'name': 'New Caledonia'}, {'code': 'NF', 'capital': 'Kingston', 'name': 'Norfolk Island'}, {'code': 'NR', 'capital': 'Yaren', 'name': 'Nauru'}, {'code': 'NU', 'capital': 'Alofi', 'name': 'Niue'}, {'code': 'NZ', 'capital': 'Wellington', 'name': 'New Zealand'}, {'code': 'PF', 'capital': 'Papeet\u0113', 'name': 'French Polynesia'}, {'code': 'PG', 'capital': 'Port Moresby', 'name': 'Papua New Guinea'}, {'code': 'PN', 'capital': 'Adamstown', 'name': 'Pitcairn Islands'}, {'code': 'PW', 'capital': 'Ngerulmud', 'name': 'Palau'}, {'code': 'SB', 'capital': 'Honiara', 'name': 'Solomon Islands'}, {'code': 'TK', 'capital': 'Fakaofo', 'name': 'Tokelau'}, {'code': 'TL', 'capital': 'Dili', 'name': 'East Timor'}, {'code': 'TO', 'capital': \"Nuku'alofa\", 'name': 'Tonga'}, {'code': 'TV', 'capital': 'Funafuti', 'name': 'Tuvalu'}, {'code': 'UM', 'capital': None, 'name': 'U.S. Minor Outlying Islands'}, {'code': 'VU', 'capital': 'Port Vila', 'name': 'Vanuatu'}, {'code': 'WF', 'capital': 'Mata-Utu', 'name': 'Wallis and Futuna'}, {'code': 'WS', 'capital': 'Apia', 'name': 'Samoa'}]"
  },
  {
    "source": "query",
    "query_name": "continents",
    "node_type": "Continent",
    "record": {
      "code": "SA",
      "name": "South America",
      "countries": [
        {
          "code": "AR",
          "capital": "Buenos Aires",
          "name": "Argentina"
        },
        {
          "code": "BO",
          "capital": "Sucre",
          "name": "Bolivia"
        },
        {
          "code": "BR",
          "capital": "Bras\u00edlia",
          "name": "Brazil"
        },
        {
          "code": "CL",
          "capital": "Santiago",
          "name": "Chile"
        },
        {
          "code": "CO",
          "capital": "Bogot\u00e1",
          "name": "Colombia"
        },
        {
          "code": "EC",
          "capital": "Quito",
          "name": "Ecuador"
        },
        {
          "code": "FK",
          "capital": "Stanley",
          "name": "Falkland Islands"
        },
        {
          "code": "GF",
          "capital": "Cayenne",
          "name": "French Guiana"
        },
        {
          "code": "GY",
          "capital": "Georgetown",
          "name": "Guyana"
        },
        {
          "code": "PE",
          "capital": "Lima",
          "name": "Peru"
        },
        {
          "code": "PY",
          "capital": "Asunci\u00f3n",
          "name": "Paraguay"
        },
        {
          "code": "SR",
          "capital": "Paramaribo",
          "name": "Suriname"
        },
        {
          "code": "UY",
          "capital": "Montevideo",
          "name": "Uruguay"
        },
        {
          "code": "VE",
          "capital": "Caracas",
          "name": "Venezuela"
        }
      ]
    },
    "text": "GraphQL source: query\nQuery: continents\nNode Type: Continent\n\nFields:\n- code: SA\n- name: South America\n- countries: [{'code': 'AR', 'capital': 'Buenos Aires', 'name': 'Argentina'}, {'code': 'BO', 'capital': 'Sucre', 'name': 'Bolivia'}, {'code': 'BR', 'capital': 'Bras\u00edlia', 'name': 'Brazil'}, {'code': 'CL', 'capital': 'Santiago', 'name': 'Chile'}, {'code': 'CO', 'capital': 'Bogot\u00e1', 'name': 'Colombia'}, {'code': 'EC', 'capital': 'Quito', 'name': 'Ecuador'}, {'code': 'FK', 'capital': 'Stanley', 'name': 'Falkland Islands'}, {'code': 'GF', 'capital': 'Cayenne', 'name': 'French Guiana'}, {'code': 'GY', 'capital': 'Georgetown', 'name': 'Guyana'}, {'code': 'PE', 'capital': 'Lima', 'name': 'Peru'}, {'code': 'PY', 'capital': 'Asunci\u00f3n', 'name': 'Paraguay'}, {'code': 'SR', 'capital': 'Paramaribo', 'name': 'Suriname'}, {'code': 'UY', 'capital': 'Montevideo', 'name': 'Uruguay'}, {'code': 'VE', 'capital': 'Caracas', 'name': 'Venezuela'}]"
  },
  {
    "source": "query",
    "query_name": "countries",
    "node_type": "Country",
    "record": {
      "code": "US",
      "capital": "Washington D.C.",
      "name": "United States"
    },
    "text": "GraphQL source: query\nQuery: countries\nNode Type: Country\n\nFields:\n- code: US\n- capital: Washington D.C.\n- name: United States"
  },
  {
    "source": "query",
    "query_name": "country",
    "node_type": "Country",
    "record": {
      "code": "US",
      "capital": "Washington D.C.",
      "currencies": [
        "USD",
        "USN",
        "USS"
      ],
      "name": "United States"
    },
    "text": "GraphQL source: query\nQuery: country\nNode Type: Country\n\nFields:\n- code: US\n- capital: Washington D.C.\n- currencies: ['USD', 'USN', 'USS']\n- name: United States"
  },
  {
    "source": "query",
    "query_name": "language",
    "node_type": "Language",
    "record": {
      "code": "en",
      "name": "English",
      "native": "English",
      "rtl": false,
      "countries": [
        {
          "code": "AG",
          "capital": "Saint John's",
          "name": "Antigua and Barbuda"
        },
        {
          "code": "AI",
          "capital": "The Valley",
          "name": "Anguilla"
        },
        {
          "code": "AS",
          "capital": "Pago Pago",
          "name": "American Samoa"
        },
        {
          "code": "AU",
          "capital": "Canberra",
          "name": "Australia"
        },
        {
          "code": "BB",
          "capital": "Bridgetown",
          "name": "Barbados"
        },
        {
          "code": "BM",
          "capital": "Hamilton",
          "name": "Bermuda"
        },
        {
          "code": "BS",
          "capital": "Nassau",
          "name": "Bahamas"
        },
        {
          "code": "BW",
          "capital": "Gaborone",
          "name": "Botswana"
        },
        {
          "code": "BZ",
          "capital": "Belmopan",
          "name": "Belize"
        },
        {
          "code": "CA",
          "capital": "Ottawa",
          "name": "Canada"
        },
        {
          "code": "CC",
          "capital": "West Island",
          "name": "Cocos [Keeling] Islands"
        },
        {
          "code": "CK",
          "capital": "Avarua",
          "name": "Cook Islands"
        },
        {
          "code": "CM",
          "capital": "Yaound\u00e9",
          "name": "Cameroon"
        },
        {
          "code": "CW",
          "capital": "Willemstad",
          "name": "Curacao"
        },
        {
          "code": "CX",
          "capital": "Flying Fish Cove",
          "name": "Christmas Island"
        },
        {
          "code": "DM",
          "capital": "Roseau",
          "name": "Dominica"
        },
        {
          "code": "ER",
          "capital": "Asmara",
          "name": "Eritrea"
        },
        {
          "code": "FJ",
          "capital": "Suva",
          "name": "Fiji"
        },
        {
          "code": "FK",
          "capital": "Stanley",
          "name": "Falkland Islands"
        },
        {
          "code": "FM",
          "capital": "Palikir",
          "name": "Micronesia"
        },
        {
          "code": "GB",
          "capital": "London",
          "name": "United Kingdom"
        },
        {
          "code": "GD",
          "capital": "St. George's",
          "name": "Grenada"
        },
        {
          "code": "GG",
          "capital": "St. Peter Port",
          "name": "Guernsey"
        },
        {
          "code": "GH",
          "capital": "Accra",
          "name": "Ghana"
        },
        {
          "code": "GI",
          "capital": "Gibraltar",
          "name": "Gibraltar"
        },
        {
          "code": "GM",
          "capital": "Banjul",
          "name": "Gambia"
        },
        {
          "code": "GS",
          "capital": "King Edward Point",
          "name": "South Georgia and the South Sandwich Islands"
        },
        {
          "code": "GU",
          "capital": "Hag\u00e5t\u00f1a",
          "name": "Guam"
        },
        {
          "code": "GY",
          "capital": "Georgetown",
          "name": "Guyana"
        },
        {
          "code": "HK",
          "capital": "City of Victoria",
          "name": "Hong Kong"
        },
        {
          "code": "HM",
          "capital": null,
          "name": "Heard Island and McDonald Islands"
        },
        {
          "code": "IE",
          "capital": "Dublin",
          "name": "Ireland"
        },
        {
          "code": "IM",
          "capital": "Douglas",
          "name": "Isle of Man"
        },
        {
          "code": "IN",
          "capital": "New Delhi",
          "name": "India"
        },
        {
          "code": "IO",
          "capital": "Diego Garcia",
          "name": "British Indian Ocean Territory"
        },
        {
          "code": "JE",
          "capital": "Saint Helier",
          "name": "Jersey"
        },
        {
          "code": "JM",
          "capital": "Kingston",
          "name": "Jamaica"
        },
        {
          "code": "KE",
          "capital": "Nairobi",
          "name": "Kenya"
        },
        {
          "code": "KI",
          "capital": "South Tarawa",
          "name": "Kiribati"
        },
        {
          "code": "KN",
          "capital": "Basseterre",
          "name": "Saint Kitts and Nevis"
        },
        {
          "code": "KY",
          "capital": "George Town",
          "name": "Cayman Islands"
        },
        {
          "code": "LC",
          "capital": "Castries",
          "name": "Saint Lucia"
        },
        {
          "code": "LR",
          "capital": "Monrovia",
          "name": "Liberia"
        },
        {
          "code": "LS",
          "capital": "Maseru",
          "name": "Lesotho"
        },
        {
          "code": "MF",
          "capital": "Marigot",
          "name": "Saint Martin"
        },
        {
          "code": "MH",
          "capital": "Majuro",
          "name": "Marshall Islands"
        },
        {
          "code": "MP",
          "capital": "Saipan",
          "name": "Northern Mariana Islands"
        },
        {
          "code": "MS",
          "capital": "Plymouth",
          "name": "Montserrat"
        },
        {
          "code": "MT",
          "capital": "Valletta",
          "name": "Malta"
        },
        {
          "code": "MU",
          "capital": "Port Louis",
          "name": "Mauritius"
        },
        {
          "code": "MW",
          "capital": "Lilongwe",
          "name": "Malawi"
        },
        {
          "code": "NA",
          "capital": "Windhoek",
          "name": "Namibia"
        },
        {
          "code": "NF",
          "capital": "Kingston",
          "name": "Norfolk Island"
        },
        {
          "code": "NG",
          "capital": "Abuja",
          "name": "Nigeria"
        },
        {
          "code": "NR",
          "capital": "Yaren",
          "name": "Nauru"
        },
        {
          "code": "NU",
          "capital": "Alofi",
          "name": "Niue"
        },
        {
          "code": "NZ",
          "capital": "Wellington",
          "name": "New Zealand"
        },
        {
          "code": "PG",
          "capital": "Port Moresby",
          "name": "Papua New Guinea"
        },
        {
          "code": "PH",
          "capital": "Manila",
          "name": "Philippines"
        },
        {
          "code": "PK",
          "capital": "Islamabad",
          "name": "Pakistan"
        },
        {
          "code": "PN",
          "capital": "Adamstown",
          "name": "Pitcairn Islands"
        },
        {
          "code": "PR",
          "capital": "San Juan",
          "name": "Puerto Rico"
        },
        {
          "code": "PW",
          "capital": "Ngerulmud",
          "name": "Palau"
        },
        {
          "code": "RW",
          "capital": "Kigali",
          "name": "Rwanda"
        },
        {
          "code": "SB",
          "capital": "Honiara",
          "name": "Solomon Islands"
        },
        {
          "code": "SC",
          "capital": "Victoria",
          "name": "Seychelles"
        },
        {
          "code": "SD",
          "capital": "Khartoum",
          "name": "Sudan"
        },
        {
          "code": "SG",
          "capital": "Singapore",
          "name": "Singapore"
        },
        {
          "code": "SH",
          "capital": "Jamestown",
          "name": "Saint Helena"
        },
        {
          "code": "SL",
          "capital": "Freetown",
          "name": "Sierra Leone"
        },
        {
          "code": "SS",
          "capital": "Juba",
          "name": "South Sudan"
        },
        {
          "code": "SX",
          "capital": "Philipsburg",
          "name": "Sint Maarten"
        },
        {
          "code": "SZ",
          "capital": "Lobamba",
          "name": "Swaziland"
        },
        {
          "code": "TC",
          "capital": "Cockburn Town",
          "name": "Turks and Caicos Islands"
        },
        {
          "code": "TK",
          "capital": "Fakaofo",
          "name": "Tokelau"
        },
        {
          "code": "TO",
          "capital": "Nuku'alofa",
          "name": "Tonga"
        },
        {
          "code": "TT",
          "capital": "Port of Spain",
          "name": "Trinidad and Tobago"
        },
        {
          "code": "TV",
          "capital": "Funafuti",
          "name": "Tuvalu"
        },
        {
          "code": "TZ",
          "capital": "Dodoma",
          "name": "Tanzania"
        },
        {
          "code": "UG",
          "capital": "Kampala",
          "name": "Uganda"
        },
        {
          "code": "UM",
          "capital": null,
          "name": "U.S. Minor Outlying Islands"
        },
        {
          "code": "US",
          "capital": "Washington D.C.",
          "name": "United States"
        },
        {
          "code": "VC",
          "capital": "Kingstown",
          "name": "Saint Vincent and the Grenadines"
        },
        {
          "code": "VG",
          "capital": "Road Town",
          "name": "British Virgin Islands"
        },
        {
          "code": "VI",
          "capital": "Charlotte Amalie",
          "name": "U.S. Virgin Islands"
        },
        {
          "code": "VU",
          "capital": "Port Vila",
          "name": "Vanuatu"
        },
        {
          "code": "WS",
          "capital": "Apia",
          "name": "Samoa"
        },
        {
          "code": "ZA",
          "capital": "Pretoria",
          "name": "South Africa"
        },
        {
          "code": "ZM",
          "capital": "Lusaka",
          "name": "Zambia"
        },
        {
          "code": "ZW",
          "capital": "Harare",
          "name": "Zimbabwe"
        }
      ]
    },
    "text": "GraphQL source: query\nQuery: language\nNode Type: Language\n\nFields:\n- code: en\n- name: English\n- native: English\n- rtl: False\n- countries: [{'code': 'AG', 'capital': \"Saint John's\", 'name': 'Antigua and Barbuda'}, {'code': 'AI', 'capital': 'The Valley', 'name': 'Anguilla'}, {'code': 'AS', 'capital': 'Pago Pago', 'name': 'American Samoa'}, {'code': 'AU', 'capital': 'Canberra', 'name': 'Australia'}, {'code': 'BB', 'capital': 'Bridgetown', 'name': 'Barbados'}, {'code': 'BM', 'capital': 'Hamilton', 'name': 'Bermuda'}, {'code': 'BS', 'capital': 'Nassau', 'name': 'Bahamas'}, {'code': 'BW', 'capital': 'Gaborone', 'name': 'Botswana'}, {'code': 'BZ', 'capital': 'Belmopan', 'name': 'Belize'}, {'code': 'CA', 'capital': 'Ottawa', 'name': 'Canada'}, {'code': 'CC', 'capital': 'West Island', 'name': 'Cocos [Keeling] Islands'}, {'code': 'CK', 'capital': 'Avarua', 'name': 'Cook Islands'}, {'code': 'CM', 'capital': 'Yaound\u00e9', 'name': 'Cameroon'}, {'code': 'CW', 'capital': 'Willemstad', 'name': 'Curacao'}, {'code': 'CX', 'capital': 'Flying Fish Cove', 'name': 'Christmas Island'}, {'code': 'DM', 'capital': 'Roseau', 'name': 'Dominica'}, {'code': 'ER', 'capital': 'Asmara', 'name': 'Eritrea'}, {'code': 'FJ', 'capital': 'Suva', 'name': 'Fiji'}, {'code': 'FK', 'capital': 'Stanley', 'name': 'Falkland Islands'}, {'code': 'FM', 'capital': 'Palikir', 'name': 'Micronesia'}, {'code': 'GB', 'capital': 'London', 'name': 'United Kingdom'}, {'code': 'GD', 'capital': \"St. George's\", 'name': 'Grenada'}, {'code': 'GG', 'capital': 'St. Peter Port', 'name': 'Guernsey'}, {'code': 'GH', 'capital': 'Accra', 'name': 'Ghana'}, {'code': 'GI', 'capital': 'Gibraltar', 'name': 'Gibraltar'}, {'code': 'GM', 'capital': 'Banjul', 'name': 'Gambia'}, {'code': 'GS', 'capital': 'King Edward Point', 'name': 'South Georgia and the South Sandwich Islands'}, {'code': 'GU', 'capital': 'Hag\u00e5t\u00f1a', 'name': 'Guam'}, {'code': 'GY', 'capital': 'Georgetown', 'name': 'Guyana'}, {'code': 'HK', 'capital': 'City of Victoria', 'name': 'Hong Kong'}, {'code': 'HM', 'capital': None, 'name': 'Heard Island and McDonald Islands'}, {'code': 'IE', 'capital': 'Dublin', 'name': 'Ireland'}, {'code': 'IM', 'capital': 'Douglas', 'name': 'Isle of Man'}, {'code': 'IN', 'capital': 'New Delhi', 'name': 'India'}, {'code': 'IO', 'capital': 'Diego Garcia', 'name': 'British Indian Ocean Territory'}, {'code': 'JE', 'capital': 'Saint Helier', 'name': 'Jersey'}, {'code': 'JM', 'capital': 'Kingston', 'name': 'Jamaica'}, {'code': 'KE', 'capital': 'Nairobi', 'name': 'Kenya'}, {'code': 'KI', 'capital': 'South Tarawa', 'name': 'Kiribati'}, {'code': 'KN', 'capital': 'Basseterre', 'name': 'Saint Kitts and Nevis'}, {'code': 'KY', 'capital': 'George Town', 'name': 'Cayman Islands'}, {'code': 'LC', 'capital': 'Castries', 'name': 'Saint Lucia'}, {'code': 'LR', 'capital': 'Monrovia', 'name': 'Liberia'}, {'code': 'LS', 'capital': 'Maseru', 'name': 'Lesotho'}, {'code': 'MF', 'capital': 'Marigot', 'name': 'Saint Martin'}, {'code': 'MH', 'capital': 'Majuro', 'name': 'Marshall Islands'}, {'code': 'MP', 'capital': 'Saipan', 'name': 'Northern Mariana Islands'}, {'code': 'MS', 'capital': 'Plymouth', 'name': 'Montserrat'}, {'code': 'MT', 'capital': 'Valletta', 'name': 'Malta'}, {'code': 'MU', 'capital': 'Port Louis', 'name': 'Mauritius'}, {'code': 'MW', 'capital': 'Lilongwe', 'name': 'Malawi'}, {'code': 'NA', 'capital': 'Windhoek', 'name': 'Namibia'}, {'code': 'NF', 'capital': 'Kingston', 'name': 'Norfolk Island'}, {'code': 'NG', 'capital': 'Abuja', 'name': 'Nigeria'}, {'code': 'NR', 'capital': 'Yaren', 'name': 'Nauru'}, {'code': 'NU', 'capital': 'Alofi', 'name': 'Niue'}, {'code': 'NZ', 'capital': 'Wellington', 'name': 'New Zealand'}, {'code': 'PG', 'capital': 'Port Moresby', 'name': 'Papua New Guinea'}, {'code': 'PH', 'capital': 'Manila', 'name': 'Philippines'}, {'code': 'PK', 'capital': 'Islamabad', 'name': 'Pakistan'}, {'code': 'PN', 'capital': 'Adamstown', 'name': 'Pitcairn Islands'}, {'code': 'PR', 'capital': 'San Juan', 'name': 'Puerto Rico'}, {'code': 'PW', 'capital': 'Ngerulmud', 'name': 'Palau'}, {'code': 'RW', 'capital': 'Kigali', 'name': 'Rwanda'}, {'code': 'SB', 'capital': 'Honiara', 'name': 'Solomon Islands'}, {'code': 'SC', 'capital': 'Victoria', 'name': 'Seychelles'}, {'code': 'SD', 'capital': 'Khartoum', 'name': 'Sudan'}, {'code': 'SG', 'capital': 'Singapore', 'name': 'Singapore'}, {'code': 'SH', 'capital': 'Jamestown', 'name': 'Saint Helena'}, {'code': 'SL', 'capital': 'Freetown', 'name': 'Sierra Leone'}, {'code': 'SS', 'capital': 'Juba', 'name': 'South Sudan'}, {'code': 'SX', 'capital': 'Philipsburg', 'name': 'Sint Maarten'}, {'code': 'SZ', 'capital': 'Lobamba', 'name': 'Swaziland'}, {'code': 'TC', 'capital': 'Cockburn Town', 'name': 'Turks and Caicos Islands'}, {'code': 'TK', 'capital': 'Fakaofo', 'name': 'Tokelau'}, {'code': 'TO', 'capital': \"Nuku'alofa\", 'name': 'Tonga'}, {'code': 'TT', 'capital': 'Port of Spain', 'name': 'Trinidad and Tobago'}, {'code': 'TV', 'capital': 'Funafuti', 'name': 'Tuvalu'}, {'code': 'TZ', 'capital': 'Dodoma', 'name': 'Tanzania'}, {'code': 'UG', 'capital': 'Kampala', 'name': 'Uganda'}, {'code': 'UM', 'capital': None, 'name': 'U.S. Minor Outlying Islands'}, {'code': 'US', 'capital': 'Washington D.C.', 'name': 'United States'}, {'code': 'VC', 'capital': 'Kingstown', 'name': 'Saint Vincent and the Grenadines'}, {'code': 'VG', 'capital': 'Road Town', 'name': 'British Virgin Islands'}, {'code': 'VI', 'capital': 'Charlotte Amalie', 'name': 'U.S. Virgin Islands'}, {'code': 'VU', 'capital': 'Port Vila', 'name': 'Vanuatu'}, {'code': 'WS', 'capital': 'Apia', 'name': 'Samoa'}, {'code': 'ZA', 'capital': 'Pretoria', 'name': 'South Africa'}, {'code': 'ZM', 'capital': 'Lusaka', 'name': 'Zambia'}, {'code': 'ZW', 'capital': 'Harare', 'name': 'Zimbabwe'}]"
  },
  {
    "source": "query",
    "query_name": "languages",
    "node_type": "Language",
    "record": {
      "code": "en",
      "name": "English",
      "native": "English",
      "rtl": false
    },
    "text": "GraphQL source: query\nQuery: languages\nNode Type: Language\n\nFields:\n- code: en\n- name: English\n- native: English\n- rtl: False"
  }
]